Film,Genre,Year,Rated,Released,Runtime,Metascore,imdbRating,imdbVotes,imdbID,BoxOffice,A,B,D,F,S
A Monkey in Winter,Comedy,1962,N/A,31-Jan-63,105,,7.6,2,tt0056636,,0,0,0,0,0
Airplane II: The Sequel,Sci-Fi,1982,PG,10-Dec-82,85,48,6.2,47,tt0083530,,1,0,7,2,4
Blast from the Past,Romance,1999,PG-13,12-Feb-99,112,48,6.6,57,tt0124298,,3,6,12,4,6
"Bodies, Rest & Motion",Romance,1993,R,9-Apr-93,95,,5.7,2,tt0106447,,3,0,0,19,19
Boondock Saints ii: All Saints Day,Thriller,2009,R,11-Dec-09,118,24,6.3,60,tt1300851,,20,7,4,115,55
Complete Guide to Guys,Comedy,2005,PG-13,30-May-06,83,,4.4,383,tt0407680,,2,0,0,0,10
"Crazy, Stupid, Love",Romance,2011,PG-13,29-Jul-11,118,68,7.4,459,tt1570728,,11,1,6,4,11
Crooks in Cloisters,Crime,1964,Not Rated,11-Aug-64,97,,5.6,278,tt0057974,,0,0,0,0,0
"Crouching Tiger, Hidden Dragon",Romance,2000,PG-13,12-Jan-01,120,94,7.8,248,tt0190332,,0,0,0,0,0
Evil Dead II,Horror,1987,R,13-Mar-87,84,69,7.8,143,tt0092991,,0,3,2,0,1
Freddy's Dead: The Final Nightmare,Mystery,1991,R,13-Sep-91,89,39,4.9,40,tt0101917,,3,3,2,10,17
Fright Night,Horror,2011,R,19-Aug-11,106,64,6.3,97,tt1438176,,5,1,7,3,3
Frozen,Animation,2013,PG,27-Nov-13,102,75,7.4,556,tt2294629,,0,0,0,0,0
Glengarry Glen Ross,Drama,1992,R,2-Oct-92,100,82,7.7,92,tt0104348,,17,0,6,147,42
"Happy Birthday, Wanda June",Comedy,1971,R,9-Dec-71,105,,6.1,248,tt0067180,,4,7,10,10,11
Harold & Kumar Go to White Castle,Adventure,2004,R,30-Jul-04,88,64,7.1,178,tt0366551,,42,3,1,53,66
Hellboy II: The Golden Army,Fantasy,2008,PG-13,11-Jul-08,120,78,7,251,tt0411477,,4,1,2,0,1
Hellraiser iii: Hell on Earth,Horror,1992,R,11-Sep-92,97,50,5.5,26,tt0104409,,5,5,3,20,19
I Robot,Sci-Fi,2004,PG-13,16-Jul-04,115,59,7.1,487,tt0343818,,3,0,1,0,4
Jennifer 8,Mystery,1992,R,6-Nov-92,124,,6.3,14,tt0104549,,9,6,8,70,34
Kingdom of the Crystal Skull,Adventure,2008,PG-13,22-May-08,122,65,6.1,414,tt0367882,,0,2,3,0,0
"Lock, Stock and Two Smoking Barrels",Thriller,1998,R,28-Aug-98,107,66,8.2,520,tt0120735,,0,0,0,85,16
Love & Basketball,Romance,2000,PG-13,21-Apr-00,124,70,7.2,17,tt0199725,,26,3,14,8,15
Mr. Brooks,Thriller,2007,R,1-Jun-07,120,45,7.3,140,tt0780571,,10,1,2,29,4
One Eight Seven,Drama,1997,R,30-Jul-97,119,41,6.7,21,tt0118531,,10,11,11,37,27
Poltergeist,Horror,1982,PG,4-Jun-82,114,79,7.3,137,tt0084516,,0,0,1,0,1
Pretty Woman,Romance,1990,R,23-Mar-90,119,51,7,278,tt0100405,,3,0,4,3,10
Raiders of the Lost Ark,Adventure,1981,PG,12-Jun-81,115,85,8.4,859,tt0082971,,0,1,3,0,1
Rambo: First Blood Part II,Adventure,1985,R,22-May-85,96,47,6.5,150,tt0089880,,4,4,7,12,8
Sex Lies and Videotape,Drama,1989,R,22-Sep-89,100,86,7.2,48,tt0098724,,4,7,2,17,11
Star Wars: Episode I - The Phantom Menace,Sci-Fi,1999,PG,19-May-99,136,51,6.5,708,tt0120915,,0,0,0,0,0
Star Wars: Episode II - Attack of the Clones,Sci-Fi,2002,PG,16-May-02,142,54,6.5,621,tt0121765,,1,0,2,0,0
Star Wars: Episode III - Revenge of the Sith,Sci-Fi,2005,PG-13,19-May-05,140,68,7.5,689,tt0121766,,0,0,0,0,0
Star Wars: Episode IV - A New Hope,Sci-Fi,1977,PG,25-May-77,121,90,8.6,1,tt0076759,,0,0,2,0,0
Star Wars: Episode V - The Empire Strikes Back,Sci-Fi,1980,PG,20-Jun-80,124,82,8.7,1,tt0080684,,0,0,0,0,0
Star Wars: Episode VI - Return of the Jedi,Sci-Fi,1983,PG,25-May-83,131,58,8.3,922,tt0086190,,0,0,0,0,0
"Synecdoche, New York",Comedy,2008,R,5-Feb-09,124,67,7.6,78,tt0383028,,5,0,2,37,5
Terminator 2: Judgment Day,Sci-Fi,1991,R,3-Jul-91,137,75,8.5,967,tt0103064,,3,3,12,20,16
The Adventure,Mystery,2008,N/A,29-Mar-08,22,,8.3,39,tt1172038,,0,0,1,0,0
The Adventures of Buckaroo Banzai Across the 8th Dimension,Sci-Fi,1984,PG,8-Nov-84,103,70,6.3,23,tt0086856,,3,0,21,0,7
The Avengers,Sci-Fi,2012,PG-13,4-May-12,143,69,8,1,tt0848228,,7,2,4,10,6
"The Chronicles of Narnia: The Lion, the Witch and the Wardrobe",Fantasy,2005,PG,9-Dec-05,143,75,6.9,356,tt0363771,,0,0,0,0,0
The Devil by the tail,Comedy,1969,M,7-Feb-69,90,,6.8,438,tt0064232,,0,0,0,0,0
The Lord of the Rings: The Fellowship of the Ring,Fantasy,2001,PG-13,19-Dec-01,178,92,8.8,1,tt0120737,,0,0,0,0,0
The Sandlot,Family,1993,PG,7-Apr-93,101,55,7.8,76,tt0108037,,2,5,5,2,4
The Twilight Saga: New Moon,Horror,2009,PG-13,20-Nov-09,130,44,4.7,258,tt1259571,,1,0,8,0,0
Three Kings,War,1999,R,1-Oct-99,114,82,7.1,157,tt0120188,,9,6,9,2,4
Adaptation,Drama,,,,,,,,,,7,1,11,39,15
American Shaolin: King of Kickboxers II,Action,,,,,,,,,,2,0,3,0,0
Batman 2,Fantasy,,,,,,,,,,0,0,0,0,0
Bones,Horror,,,,,,,,,,8,7,20,30,30
Buffy the Vampire Slayer,Horror,,,,,,,,,,2,7,1,2,4
Ed TV,Comedy,,,,,,,,,,23,1,0,2,7
Grosse Point Blank,Romance,,,,,,,,,,3,0,6,22,3
Jeux Interdits,War,,,,,,,,,,0,0,0,0,0
Kill Bill Volume 1,Thriller,,,,,,,,,,18,28,17,48,23
Return of the Apes,Sci-Fi,,,,,,,,,,0,0,0,8,8
South Park,Musical,,,,,,,,,,25,19,12,72,20
The (The Bijou) Majestic,Romance,,,,,,,,,,1,0,6,0,1
The Day the Clown Cried,Drama,,,,,,,,,,2,0,7,0,0
The Producer,Musical,,,,,,,,,,0,0,1,0,0
White Jazz,Mystery,,,,,,,,,,13,3,6,39,17
10 Things I Hate About You,Romance,1999,PG-13,3/31/1999,97,70,7.3,286162,tt0147800,,10,7,4,5,9
12,Comedy,2007,PG-13,9/20/2007,159,72,7.7,13680,tt0488478,,0,0,0,0,0
12 and Holding,Drama,2005,R,7/7/2006,94,65,7.5,6623,tt0417385,,9,2,3,10,10
12 Monkeys,Sci-Fi,1995,R,1/5/1996,129,74,8,565400,tt0114746,,6,3,4,8,5
12 Years a Slave,Drama,2013,R,11/8/2013,134,96,8.1,617390,tt2024544,50628650,0,1,25,1,0
127 Hours,Adventure,2010,R,1/28/2011,94,82,7.6,339139,tt1542344,18329466,3,0,1,18,6
127 Hours,Thriller,2010,R,1/28/2011,94,82,7.6,339139,tt1542344,18329466,3,0,1,18,6
1492: Conquest of Paradise,Adventure,1992,PG-13,10/9/1992,154,47,6.5,27491,tt0103594,,2,0,3,1,1
1492: Conquest of Paradise,Adventure,1992,PG-13,10/9/1992,154,47,6.5,27491,tt0103594,,2,0,3,1,1
15 Minutes,Action,2001,R,3/9/2001,120,34,6.1,47723,tt0179626,24160216,4,0,3,28,16
15 Minutes,Thriller,2001,R,3/9/2001,120,34,6.1,47723,tt0179626,24160216,4,0,3,28,16
17 Again,Romance,2009,PG-13,4/17/2009,102,48,6.3,175034,tt0974661,64087443,0,1,1,0,1
2001: A Space Odyssey,Sci-Fi,1968,G,5/12/1968,149,84,8.3,581882,tt0062622,135620,0,0,3,0,0
2012,Action,2009,PG-13,11/13/2009,158,49,5.8,345022,tt1190080,166112167,4,0,5,1,8
2012,Sci-Fi,2009,PG-13,11/13/2009,158,49,5.8,345022,tt1190080,166112167,4,0,5,1,8
25th Hour,Crime,2002,R,1/10/2003,135,67,7.6,166545,tt0307901,,0,0,0,0,0
30 Minutes or Less,Adventure,2011,R,8/12/2011,83,49,6.1,91732,tt1622547,37100000,17,13,10,182,65
42,Drama,2013,PG-13,4/12/2013,128,62,7.5,81222,tt0453562,95001343,1,3,8,0,3
44 Inch Chest,Crime,2009,R,1/15/2010,95,47,5.8,6420,tt0914837,,0,4,1,179,7
48 Hrs.,Thriller,1982,R,12/8/1982,96,71,6.9,66938,tt0083511,,33,8,28,26,53
500 Days of Summer,Romance,2009,PG-13,8/7/2009,95,76,7.7,461195,tt1022603,32118648,4,4,4,10,24
50-50,Drama,2011,N/A,N/A,15,,6.1,34,tt1833204,,4,2,2,26,15
9,Sci-Fi,2009,PG-13,9/9/2009,79,60,7.1,130452,tt0472033,31691649,0,0,0,0,0
A Most Violent Year,Crime,2014,R,1/30/2015,125,79,7,64487,tt2937898,,1,0,1,29,10
A Prayer Before Dawn,Crime,2017,R,8/10/2018,116,76,6.9,18806,tt4080956,,4,0,0,29,4
A Scanner Darkly,Crime,2006,R,7/28/2006,100,73,7.1,104320,tt0405296,5281537,5,0,6,70,29
A Serious Man,Comedy,2009,R,11/6/2009,106,83,7,129672,tt1019452,9190525,4,0,0,17,6
Absolute Power,Thriller,1997,R,2/14/1997,121,52,6.7,49030,tt0118548,,6,1,6,11,11
Ace Ventura: Pet Detective,Comedy,1994,PG-13,2/4/1994,86,37,6.9,270197,tt0109040,,0,0,0,0,0
Affliction,Drama,1997,R,2/19/1999,114,79,7,14661,tt0118564,,8,11,22,53,17
After School Special,Comedy,2017,TV-MA,6/27/2017,78,,2.3,214,tt3291632,,9,0,6,2,14
Air Force One,Thriller,1997,R,7/25/1997,124,61,6.5,175705,tt0118571,,6,1,14,13,10
Airplane!,Romance,1980,PG,7/2/1980,88,78,7.7,204730,tt0080339,,2,0,4,0,4
Ali,Drama,2001,R,12/25/2001,157,65,6.8,91630,tt0248667,58183966,3,0,6,11,2
Alien Nation,Sci-Fi,1988,R,10/7/1988,91,45,6.3,13735,tt0094631,,8,5,12,2,20
Aliens,Horror,1986,R,7/18/1986,137,84,8.3,634359,tt0090605,,4,3,6,22,14
All About Eve,Drama,1950,Passed,10/27/1950,138,98,8.2,116403,tt0042192,,0,0,1,0,0
All About Steve,Comedy,2009,PG-13,9/4/2009,99,17,4.8,39062,tt0881891,33806061,9,0,2,1,2
All the King's Men,Drama,2006,PG-13,9/22/2006,128,37,6.2,23302,tt0405676,,0,0,0,0,0
All the President's Men,Thriller,1976,PG,4/9/1976,138,84,8,98744,tt0074119,,1,1,19,25,15
Almost Famous,Romance,2000,R,9/22/2000,122,90,7.9,244995,tt0181875,31716715,3,0,3,21,2
Amadeus,Drama,1984,R,9/19/1984,160,88,8.3,357893,tt0086879,,0,0,3,2,6
Amelia,Drama,2009,PG,10/23/2009,111,37,5.8,11770,tt1129445,14195118,2,0,5,1,1
American Beauty,Drama,1999,R,10/1/1999,122,84,8.3,1041670,tt0169547,,7,2,3,21,10
American Gangster,Crime,2007,R,11/2/2007,157,76,7.8,381260,tt0765429,130127620,3,1,5,79,10
American Graffiti,Drama,1973,PG,8/11/1973,110,97,7.4,79136,tt0069704,,7,11,8,0,11
American History X,Thriller,1998,R,11/20/1998,119,62,8.5,1005357,tt0120586,,25,11,8,161,54
American Hustle,Crime,2013,R,12/20/2013,138,90,7.2,437260,tt1800241,99165609,2,4,5,99,32
American Madness,Drama,1932,Passed,8/15/1932,75,,7.4,1739,tt0022626,,0,0,0,0,0
American Milkshake,Comedy,2013,R,1/20/2013,83,30,4.8,309,tt2254364,,10,0,9,26,22
American Pie,Comedy,1999,R,7/9/1999,95,58,7,367618,tt0163651,,6,0,9,33,29
American Sniper,Drama,2014,R,1/16/2015,133,72,7.3,426179,tt2179136,274377268,20,3,3,60,28
American Splendor,Drama,2003,R,9/12/2003,101,90,7.4,46666,tt0305206,5977550,6,2,9,3,18
Amour,Romance,2012,PG-13,9/20/2012,127,94,7.9,90346,tt1602620,6700000,0,0,0,1,0
An Education,Drama,2009,PG-13,2/5/2010,100,85,7.3,126214,tt1174732,12512069,1,0,0,0,0
Analyze That,Crime,2002,R,12/6/2002,96,37,5.9,81023,tt0289848,32070920,8,3,2,74,24
Analyze This,Crime,1999,R,3/5/1999,103,61,6.7,143019,tt0122933,,8,2,7,56,22
Angel Eyes,Romance,2001,R,5/18/2001,102,39,5.6,22124,tt0225071,,9,3,11,1,13
Anna Karenina,Drama,2012,R,9/7/2012,129,63,6.6,89166,tt1781769,12802907,0,0,3,0,0
Annie Hall,Romance,1977,PG,4/20/1977,93,92,8,246741,tt0075686,,2,0,1,0,1
Anonymous,Thriller,2011,PG-13,10/28/2011,130,50,6.9,38807,tt1521197,4463292,1,0,2,0,0
Antitrust,Thriller,2001,PG-13,1/12/2001,108,31,6.1,28082,tt0218817,10965209,3,0,2,1,5
Antz,Fantasy,1998,PG,10/2/1998,83,72,6.5,143658,tt0120587,,1,0,2,0,0
Apollo 13,Adventure,1995,PG,6/30/1995,140,77,7.6,259692,tt0112384,,0,0,0,0,0
Apt Pupil,Thriller,1998,R,10/23/1998,111,51,6.7,35097,tt0118636,,0,0,1,1,0
Arbitrage,Thriller,2012,R,9/14/2012,107,73,6.6,48611,tt1764183,7918283,4,1,5,61,5
Arcade,Sci-Fi,1993,R,3/30/1994,85,,4.7,1442,tt0106302,,1,0,1,20,14
Arctic Blue,Thriller,1993,R,N/A,95,,5.1,782,tt0106303,,7,4,22,27,18
Argo,Thriller,2012,R,10/12/2012,120,86,7.7,559601,tt1024648,136019448,1,1,5,24,4
Armageddon,Sci-Fi,1998,PG-13,7/1/1998,151,42,6.7,387888,tt0120591,,15,4,12,4,14
Arsenic and Old Lace,Crime,1944,Not Rated,9/23/1944,118,,8,63845,tt0036613,,0,0,0,0,0
Arthur,Comedy,2011,PG-13,4/8/2011,110,36,5.7,50207,tt1334512,29200000,5,2,1,8,15
As Good as It Gets,Romance,1997,PG-13,12/25/1997,139,67,7.7,268254,tt0119822,,4,3,2,5,4
Assassins,Thriller,1995,R,10/6/1995,132,,6.3,75979,tt0112401,,5,5,5,64,31
At First Sight,Drama,1999,PG-13,1/15/1999,128,40,6,12687,tt0132512,,0,0,0,0,0
August: Osage County,Drama,2013,R,1/10/2014,121,58,7.2,82453,tt1322269,29202643,12,5,32,38,25
Austin Powers: International Man of Mystery,Comedy,1997,PG-13,5/2/1997,89,51,7,216258,tt0118655,,2,0,4,0,1
Austin Powers: The Spy Who Shagged Me,Comedy,1999,PG-13,6/11/1999,95,59,6.6,212319,tt0145660,,12,1,3,0,5
Authors Anonymous,Comedy,2014,PG-13,3/18/2014,92,16,4.3,1974,tt2114461,,1,0,6,0,3
Autumn in New York,Romance,2000,PG-13,8/11/2000,103,24,5.7,24293,tt0174480,,4,2,8,1,5
Avatar,Sci-Fi,2009,PG-13,12/18/2009,162,83,7.8,1095138,tt0499549,749700000,10,8,14,1,14
Awakenings,Drama,1990,PG-13,1/11/1991,121,74,7.8,119327,tt0099077,,0,0,0,0,0
Babel,Thriller,2006,R,11/10/2006,143,69,7.4,283859,tt0449467,34237104,7,1,7,21,6
Bachelor Party,Comedy,1984,R,6/29/1984,105,56,6.3,34617,tt0086927,,12,3,3,2,21
Bad Boys,Comedy,1995,R,4/7/1995,119,41,6.9,233204,tt0112442,,21,4,6,64,30
Bad Country,Crime,2014,R,4/29/2014,95,,5.8,7866,tt2350892,,7,3,10,83,21
Bad Lieutenant,Crime,1992,NC-17,12/17/1992,96,70,7.1,37481,tt0103759,,5,2,3,68,21
Bad Santa,Crime,2003,R,11/26/2003,92,70,7,131454,tt0307987,,24,8,3,137,44
Bad Teacher,Comedy,2011,R,6/24/2011,92,47,5.6,188694,tt1284575,100292856,7,3,2,23,10
Badlands,Thriller,1973,PG,1/5/1974,94,93,7.8,63169,tt0069762,,1,4,3,0,0
Bamboozled,Drama,2000,R,10/20/2000,135,50,6.5,9814,tt0215545,1883628,13,3,12,1,1
Barton Fink,Thriller,1991,R,8/21/1991,116,69,7.7,109491,tt0101410,,5,13,30,4,5
Basquiat,Drama,1996,R,8/9/1996,107,65,6.9,18958,tt0115632,,2,0,3,21,13
Batman,Fantasy,1989,PG-13,6/23/1989,126,69,7.5,329552,tt0096895,,1,1,2,1,3
Battle Los Angeles,Sci-Fi,2011,PG-13,3/11/2011,116,37,5.7,172012,tt1217613,83537651,13,0,18,2,21
Bean,Comedy,1997,PG-13,11/7/1997,89,52,6.5,94780,tt0118689,,4,1,11,0,1
Beasts of the Southern Wild,Fantasy,2012,PG-13,7/5/2012,93,86,7.3,79506,tt2125435,12784397,6,0,5,1,3
Beavis and Butt-Head Do America,Animation,1996,PG-13,12/20/1996,81,64,6.8,50067,tt0115641,,14,1,13,0,0
Beginners,Romance,2010,R,6/9/2011,105,81,7.2,85878,tt1532503,5764842,1,0,0,6,0
Being Human,Fantasy,2011,TV-14,1/17/2011,44,,7.5,23849,tt1595680,,0,0,1,3,1
Being John Malkovich,Fantasy,1999,R,12/3/1999,113,90,7.7,301611,tt0120601,,1,2,13,14,14
Being There,Drama,1979,PG,2/8/1980,130,83,8,63525,tt0078841,,6,3,6,1,3
Belle,Romance,2013,PG,6/13/2014,100,64,7.3,27285,tt2404181,8792708,0,0,1,0,0
Beloved,Drama,1998,R,10/16/1998,172,57,6,6937,tt0120603,,0,1,8,0,1
Benny & Joon,Romance,1993,PG,4/23/1993,98,57,7.2,53594,tt0106387,,0,0,0,0,0
Big,Fantasy,1988,PG,6/3/1988,104,73,7.3,191523,tt0094737,,2,0,7,1,2
Big Eyes,Crime,2014,PG-13,12/25/2014,106,62,7,82916,tt1126590,8021168,2,2,1,1,3
Big Fish,Fantasy,2003,PG-13,1/9/2004,125,58,8,406074,tt0319061,66257002,3,3,3,0,4
Birdman,Comedy,2014,R,10/17/2014,119,87,7.7,563054,tt2562232,,17,3,5,78,33
Birthday Girl,Romance,2001,R,2/1/2002,93,51,6.1,23959,tt0188453,4919896,1,0,0,14,1
Black Panther,Sci-Fi,2018,PG-13,2/16/2018,134,88,7.3,587388,tt1825683,501105037,1,0,0,0,7
Black Rain,Crime,1989,R,9/22/1989,125,56,6.7,47914,tt0096933,,8,2,4,1,9
Black Snake Moan,Drama,2006,R,3/2/2007,116,52,6.9,59991,tt0462200,9262318,10,6,12,29,42
BlacKkKlansman,Crime,2018,R,8/10/2018,135,83,7.5,198998,tt7349662,,8,7,11,33,18
Blade Runner,Sci-Fi,1982,R,6/25/1982,117,84,8.1,671833,tt0083658,,4,1,1,11,4
Blood and Wine,Thriller,1996,R,2/21/1997,101,,6,8985,tt0115710,,6,2,6,18,9
Blood Simple,Thriller,1984,R,1/18/1985,99,81,7.6,83644,tt0086979,,8,0,5,7,4
Blow,Crime,2001,R,4/6/2001,124,52,7.6,235080,tt0221027,,5,3,2,91,24
Blue Valentine,Romance,2010,R,1/28/2011,112,81,7.4,179610,tt1120985,9600000,6,1,3,21,13
Body Heat,Thriller,1981,R,8/28/1981,113,77,7.4,29409,tt0082089,,2,0,4,5,6
Body of Evidence,Romance,1992,R,1/15/1993,99,29,4.5,13732,tt0106453,,2,3,0,8,1
Bodyguard,Romance,2018,TV-MA,8/26/2018,60,,8.1,83514,tt7493974,,5,3,3,25,6
Bonnie and Clyde,Romance,1967,R,8/14/1967,111,86,7.8,99575,tt0061418,,2,3,20,1,0
Boogie Nights,Drama,1997,R,10/31/1997,155,85,7.9,231876,tt0118749,,18,3,3,98,25
Bottle Rocket,Crime,1996,R,2/21/1996,91,66,7,68099,tt0115734,,3,2,5,36,25
Bound,Thriller,1996,R,10/4/1996,109,61,7.3,49122,tt0115736,,7,6,4,90,28
Boyhood,Drama,2014,R,8/15/2014,165,100,7.9,328711,tt1065073,18859617,13,8,8,41,22
Brazil,Sci-Fi,1985,R,12/18/1985,132,84,7.9,183229,tt0088846,,1,1,5,3,7
Break,Drama,2019,N/A,2/14/2019,85,,4.4,1078,tt9805504,,0,0,0,0,0
Breakdown,Thriller,1997,R,5/2/1997,93,73,6.9,47264,tt0118771,,8,10,5,24,9
Breaking Away,Drama,1979,PG,7/20/1979,101,91,7.7,21018,tt0078902,,1,0,15,0,3
Bridesmaids,Comedy,2011,R,5/13/2011,125,75,6.8,261565,tt1478338,166500000,7,5,2,6,19
Bringing Out the Dead,Drama,1999,R,10/22/1999,121,70,6.8,62055,tt0163988,,4,1,4,11,10
Broadcast News,Romance,1987,R,12/25/1987,133,84,7.2,26026,tt0092699,,4,2,7,8,9
Broken Arrow,Thriller,1996,R,2/9/1996,108,61,6,88924,tt0115759,,5,1,5,2,8
Broken Embraces,Romance,2009,R,1/15/2010,127,76,7.2,37315,tt0913425,4900000,2,3,2,8,2
Bruce Almighty,Romance,2003,PG-13,5/23/2003,101,46,6.8,363773,tt0315327,242589580,9,0,3,1,1
Bull Durham,Romance,1988,R,6/15/1988,108,73,7.1,45793,tt0094812,,16,4,30,29,27
Burn After Reading,Crime,2008,R,9/12/2008,96,63,7,301770,tt0887883,60338891,9,4,3,66,20
Burning Annie,Romance,2004,N/A,3/8/2003,95,38,5.6,257,tt0307879,,5,1,4,9,34
Candle to Water,Drama,2012,N/A,11/1/2012,110,,4.6,17,tt2387411,,0,11,2,75,15
Capote,Crime,2005,R,2/3/2006,114,88,7.3,122713,tt0379725,28337516,0,0,2,2,0
Cars 2,Animation,2011,G,6/24/2011,106,57,6.1,152890,tt1216475,191450875,0,0,0,0,0
Casino,Crime,1995,R,11/22/1995,178,73,8.2,448054,tt0112641,,18,9,16,439,56
Cast Away,Adventure,2000,PG-13,12/22/2000,143,73,7.8,506438,tt0162222,,1,5,26,20,15
Catch Me If You Can,Crime,2002,PG-13,12/25/2002,141,75,8.1,790873,tt0264464,164400000,0,2,11,7,9
Catwoman,Crime,2004,PG-13,7/23/2004,104,27,3.4,108332,tt0327554,40200000,0,0,0,0,0
Cecil B. DeMented,Thriller,2000,R,9/1/2000,87,57,6.2,12999,tt0173716,,11,3,2,32,3
Cedar Rapids,Comedy,2011,R,3/18/2011,87,70,6.2,35674,tt1477837,6800000,8,1,8,38,34
Celeste & Jesse Forever,Romance,2012,R,8/24/2012,92,59,6.6,28381,tt1405365,3094687,2,1,0,46,18
Chaos,Thriller,2005,R,12/15/2005,106,,6.5,50400,tt0402910,,2,6,2,9,20
Charlie's Angels,Comedy,2000,PG-13,11/3/2000,98,52,5.5,172273,tt0160127,124420707,11,6,7,2,8
Chasing Amy,Romance,1997,R,4/18/1997,113,71,7.2,130082,tt0118842,,14,25,5,116,60
Christ Complex,Fantasy,2012,NOT RATED,10/6/2012,76,,6.5,22,tt2416048,,5,0,2,30,1
Chronicle,Sci-Fi,2012,PG-13,2/3/2012,84,69,7,236421,tt1706593,60800000,10,5,4,78,38
Cinema Paradiso,Romance,1988,R,2/23/1990,155,80,8.5,220232,tt0095765,239630,6,0,7,8,1
Cirque du Freak: The Vampire's Assistant,Fantasy,2009,PG-13,10/23/2009,109,43,5.8,42495,tt0450405,13838130,0,0,0,0,0
City of Joy,Drama,1992,PG-13,4/17/1992,132,,6.5,4526,tt0103976,,2,0,13,0,0
Clash of the Titans,Fantasy,2010,PG-13,4/2/2010,106,39,5.8,266023,tt0800320,163100000,0,0,1,0,1
Clerks,Comedy,1994,R,11/9/1994,92,70,7.7,208478,tt0109445,,12,10,8,80,38
Cliffhanger,Thriller,1993,R,5/28/1993,113,60,6.4,116698,tt0106582,,2,3,5,21,6
Clueless,Romance,1995,PG-13,7/19/1995,97,68,6.8,172678,tt0112697,,0,0,0,0,0
Cobb,Drama,1994,R,12/2/1994,128,66,6.4,6890,tt0109450,,16,9,38,40,24
Coco,Animation,2017,PG,11/22/2017,105,81,8.4,343940,tt2380307,208487719,0,0,0,0,0
Code of Silence,Drama,1985,R,5/3/1985,101,64,6.1,6624,tt0088936,,13,3,6,26,16
Cold Mountain,War,2003,R,12/25/2003,154,73,7.2,137116,tt0159365,,5,1,8,3,7
Collateral,Thriller,2004,R,8/6/2004,120,71,7.5,349490,tt0369339,100003492,0,0,0,0,0
Collateral Damage,Thriller,2002,R,2/8/2002,108,33,5.5,70795,tt0233469,39965988,8,6,4,12,13
Colombiana,Crime,2011,PG-13,8/26/2011,108,45,6.4,91834,tt1657507,36665854,6,8,0,13,8
Commando,Thriller,1985,R,10/4/1985,90,51,6.7,142224,tt0088944,,5,0,0,7,7
Conan the Barbarian,Fantasy,1982,R,5/14/1982,129,43,6.9,134342,tt0082198,,1,0,1,0,1
Confessions of a Dangerous Mind,Crime,2002,R,1/24/2003,113,67,7,81717,tt0270288,,14,2,6,65,15
Confidence,Crime,2003,R,4/25/2003,97,59,6.7,32866,tt0310910,12148629,15,4,2,52,29
Coraline,Fantasy,2009,PG,2/6/2009,100,80,7.7,189288,tt0327597,75169351,0,0,0,0,0
Coriolanus,War,2011,R,1/20/2012,123,79,6.1,30473,tt1372686,487578,0,0,0,0,0
Cowboys & Aliens,Sci-Fi,2011,PG-13,7/29/2011,119,50,6,203646,tt0409847,100215116,8,5,41,2,15
Cradle 2 the Grave,Thriller,2003,R,2/28/2003,101,36,5.8,40632,tt0306685,34600000,9,5,0,34,21
Crank,Thriller,2006,R,9/1/2006,88,57,6.9,230012,tt0479884,27800000,24,14,5,36,41
Crash,Romance,2004,R,5/6/2005,112,66,7.8,413193,tt0375679,55382847,0,1,0,2,0
Crazylove,Romance,2005,N/A,N/A,95,,6.3,361,tt0416658,,1,2,3,10,1
Creation,Drama,2009,PG-13,9/25/2009,108,51,6.7,13626,tt0974014,300000,0,0,3,0,3
Crime Spree,Crime,2003,R,4/16/2003,105,,6.5,5197,tt0310924,,9,1,1,30,15
Croupier,Crime,1998,Not Rated,7/28/2000,94,75,7.1,17887,tt0159382,,0,2,0,18,10
Cruel Intentions,Romance,1999,R,3/5/1999,97,56,6.8,175410,tt0139134,,10,5,0,31,23
Custody,Comedy,2017,N/A,2/7/2018,93,83,7.5,7590,tt6002232,,3,2,0,3,3
Dallas Buyers Club,Drama,2013,R,11/22/2013,117,80,8,426639,tt0790636,23750994,12,4,9,58,37
Dark Star,Sci-Fi,1974,G,2/9/1979,83,66,6.3,21554,tt0069945,,0,0,3,3,1
Darkman,Sci-Fi,1990,R,8/24/1990,96,65,6.4,56589,tt0099365,,5,4,3,7,3
Date Night,Romance,2010,PG-13,4/9/2010,88,56,6.3,149520,tt1279935,98710290,3,3,3,3,9
Days of Heaven,Drama,1978,PG,10/6/1978,94,93,7.8,50241,tt0077405,,0,0,0,0,0
Dead Poets Society,Drama,1989,PG,6/9/1989,128,79,8.1,407143,tt0097165,,1,0,6,0,3
Deadpool,Adventure,2016,R,2/12/2016,108,65,8,874155,tt1431045,328674489,7,2,1,35,22
Dear White People,Drama,2014,R,12/4/2014,108,79,6.1,23926,tt2235108,,9,11,9,37,19
Death at a Funeral,Comedy,2007,R,9/7/2007,90,67,7.4,106835,tt0795368,,5,0,19,3,22
Death to Smoochy,Crime,2002,R,3/29/2002,109,38,6.4,38056,tt0266452,8308230,16,7,5,39,12
Deep Cover,Thriller,1992,R,4/15/1992,107,,6.9,8392,tt0104073,,10,7,4,53,26
Defiance,War,2008,R,1/16/2009,137,58,7.2,134977,tt1034303,28622873,3,3,0,7,16
Despicable Me 2,Animation,2013,PG,7/3/2013,98,62,7.3,360967,tt1690953,368049635,0,0,0,0,0
Die Hard,Thriller,1988,R,7/20/1988,132,72,8.2,763300,tt0095016,,16,3,18,27,19
Die Hard 2,Thriller,1990,R,7/3/1990,124,67,7.2,327312,tt0099423,,22,4,24,44,17
Diner,Comedy,1982,R,5/21/1982,110,82,7.1,18111,tt0083833,,4,3,1,4,5
Disturbia,Thriller,2007,PG-13,4/13/2007,105,62,6.8,215909,tt0486822,80050171,12,2,6,2,28
Do the Right Thing,Comedy,1989,R,7/21/1989,120,93,7.9,83609,tt0097216,,11,2,6,62,25
Dog Day Afternoon,Thriller,1975,R,12/25/1975,125,86,8,229397,tt0072890,,4,4,14,42,26
Dogma,Fantasy,1999,R,11/12/1999,130,62,7.3,204707,tt0120655,,20,15,6,66,57
Donnie Brasco,Thriller,1997,R,2/28/1997,127,76,7.7,268559,tt0119008,,9,2,2,210,13
Double Indemnity,Film-Noir,1944,Passed,7/6/1944,107,95,8.3,137436,tt0036775,,0,0,0,0,0
Dragonslayer,Fantasy,1981,PG,6/26/1981,109,68,6.7,14523,tt0082288,,0,0,4,0,0
Drive,Crime,2011,R,9/16/2011,100,78,7.8,552974,tt0780504,34300000,4,0,1,43,3
Drive Angry,Fantasy,2011,R,2/25/2011,104,44,5.4,92929,tt1502404,10706786,8,14,10,73,17
Drop Dead Gorgeous,Comedy,1999,PG-13,7/23/1999,97,28,6.6,31682,tt0157503,,19,10,18,9,10
Dumb and Dumber,Adventure,1994,PG-13,12/16/1994,107,41,7.3,345069,tt0109686,,6,5,14,6,13
Dune,Sci-Fi,1984,PG-13,12/14/1984,137,40,6.5,119802,tt0087182,,1,0,4,0,0
Easy A,Romance,2010,PG-13,9/17/2010,92,72,7,348160,tt1282140,58401464,10,5,1,41,11
Ed Wood,Comedy,1994,R,10/7/1994,127,70,7.8,162206,tt0109707,,5,3,9,11,9
Edward Scissorhands,Romance,1990,PG-13,12/14/1990,105,74,7.9,434782,tt0099487,,0,0,4,0,1
Election,Comedy,1999,R,5/7/1999,103,83,7.2,87166,tt0126886,,2,3,1,10,2
Elizabeth: The Golden Age,Drama,2007,PG-13,10/12/2007,114,45,6.8,64844,tt0414055,16264475,0,1,0,0,0
Enemy of the State,Thriller,1998,R,11/20/1998,132,67,7.3,222054,tt0120660,,5,0,4,32,11
Enough,Thriller,2002,PG-13,5/24/2002,115,25,5.8,38277,tt0278435,39177215,5,2,1,3,4
Entrapment,Thriller,1999,PG-13,4/30/1999,113,54,6.3,104322,tt0137494,,7,2,0,13,12
Erik the Viking,Fantasy,1989,PG-13,9/22/1989,107,,6.3,12609,tt0097289,,0,0,0,0,0
Erin Brockovich,Comedy,2000,R,3/17/2000,131,73,7.3,169051,tt0195685,,12,5,31,33,35
Escape from L.A.,Sci-Fi,1996,R,8/9/1996,101,54,5.8,67869,tt0116225,,5,0,6,4,15
Escape from New York,Sci-Fi,1981,R,7/10/1981,99,76,7.2,121061,tt0082340,,10,2,2,3,14
Eternal Sunshine of the Spotless Mind,Sci-Fi,2004,R,3/19/2004,108,89,8.3,880215,tt0338013,34126138,1,1,4,30,18
Even Cowgirls Get the Blues,Romance,1993,R,5/20/1994,95,28,4.4,6950,tt0106834,,2,3,1,3,8
Excalibur,Fantasy,1981,PG,4/10/1981,140,56,7.4,55818,tt0082348,,0,0,0,0,0
eXistenZ,Sci-Fi,1999,R,4/23/1999,97,68,6.8,91724,tt0120907,,1,0,2,7,2
Extract,Romance,2009,R,9/4/2009,92,61,6.1,43911,tt1225822,10642511,18,0,12,2,31
Face Off,Thriller,2011,TV-PG,1/26/2011,44,,8.2,5969,tt1663641,,4,2,7,15,8
Fair Game,Thriller,2010,PG-13,12/3/2010,108,69,6.8,45694,tt0977855,9528092,2,1,0,22,6
Fantastic Four,Sci-Fi,2005,PG-13,7/8/2005,106,40,5.7,306728,tt0120667,154485963,1,0,8,0,1
Fargo,Thriller,1996,R,4/5/1996,98,85,8.1,595812,tt0116282,,1,1,13,41,4
Fast Times at Ridgemont High,Comedy,1982,R,8/13/1982,90,61,7.2,89930,tt0083929,,2,4,0,19,10
Fatal Instinct,Thriller,1993,PG-13,10/29/1993,91,,5.8,6623,tt0106873,,1,2,7,0,3
Fear and Loathing in Las Vegas,Comedy,1998,R,5/22/1998,118,41,7.6,252866,tt0120669,,4,7,48,44,33
Ferris Bueller's Day Off,Comedy,1986,PG-13,6/11/1986,103,61,7.8,309550,tt0091042,,19,1,4,0,29
Field of Dreams,Family,1989,PG,5/5/1989,107,57,7.5,105057,tt0097351,,5,2,8,6,6
Fight Club,Thriller,1999,R,10/15/1999,139,66,8.8,1790247,tt0137523,,7,5,3,37,12
Finding Nemo,Family,2003,G,5/30/2003,100,90,8.1,920858,tt0266543,380529370,0,0,0,0,0
Five Easy Pieces,Drama,1970,R,9/12/1970,98,85,7.5,32018,tt0065724,,6,3,10,1,13
Flash Gordon,Fantasy,1980,PG,12/5/1980,111,58,6.5,49048,tt0080745,,0,1,5,0,0
Fletch,Comedy,1985,PG,5/31/1985,98,68,6.9,46314,tt0089155,,0,0,0,0,0
Flight,Drama,2012,R,11/2/2012,138,76,7.3,317748,tt1907668,89400000,10,4,6,61,27
Forrest Gump,Comedy,1994,PG-13,7/6/1994,142,82,8.8,1737186,tt0109830,330000000,8,7,17,5,11
Four Rooms,Comedy,1995,R,12/25/1995,98,,6.8,95749,tt0113101,,10,4,4,85,14
Foxcatcher,Drama,2014,R,1/16/2015,134,81,7,131194,tt1100089,9744477,1,1,0,7,4
Fracture,Thriller,2007,R,4/20/2007,113,68,7.2,181277,tt0488120,39000000,3,2,3,2,6
Frances,Drama,1982,R,3/11/1983,140,48,7.4,6605,tt0083967,,2,5,15,8,4
Frankenweenie,Family,2012,PG,10/5/2012,87,74,6.9,94595,tt1142977,35287788,0,0,0,0,0
Freaked,Sci-Fi,1993,PG-13,3/31/1994,80,,6.4,6150,tt0109838,,5,0,12,3,17
Frequency,Thriller,2000,PG-13,4/28/2000,118,67,7.3,98713,tt0186151,,6,0,5,19,6
From Dusk Till Dawn,Horror,1996,R,1/19/1996,108,48,7.2,278873,tt0116367,,15,8,8,118,45
From Here to Eternity,War,1953,Passed,8/28/1953,118,85,7.6,41623,tt0045793,,0,0,0,0,0
Frozen,Thriller,2013,PG,11/27/2013,102,75,7.4,556379,tt2294629,400736600,13,1,3,25,32
Frozen River,Crime,2008,R,9/5/2008,97,82,7.1,24235,tt0978759,2061019,3,4,2,5,8
Fruitvale Station,Drama,2013,R,7/26/2013,85,85,7.5,72709,tt2334649,11010136,15,11,1,58,40
Funny People,Comedy,2009,R,7/31/2009,146,60,6.3,112695,tt1201167,51814190,9,4,1,101,54
Game 6,Comedy,2005,R,1/1/2005,87,56,5.8,2422,tt0425055,,0,1,0,0,2
Gamer,Sci-Fi,2009,R,9/4/2009,95,27,5.8,128252,tt1034032,20488579,12,6,12,33,36
Gandhi,Drama,1982,PG,2/25/1983,191,79,8,214287,tt0083987,,0,0,7,0,0
Gang Related,Crime,1997,R,10/8/1997,111,,6.5,7732,tt0118900,,16,4,25,103,47
Gangs of New York,Crime,2002,R,12/20/2002,167,72,7.5,393904,tt0217505,77605296,0,2,21,0,1
Garden State,Romance,2004,R,8/20/2004,102,67,7.4,204465,tt0333766,26706668,7,7,1,70,30
Gattaca,Sci-Fi,1997,PG-13,10/24/1997,106,64,7.8,274114,tt0119177,,0,1,6,2,1
Get Carter,Thriller,2000,R,10/6/2000,102,24,5.2,31985,tt0208988,14551088,0,4,0,2,5
Get on Up,Drama,2014,PG-13,8/1/2014,139,71,6.9,20086,tt2473602,22838662,6,1,4,9,20
Get Shorty,Crime,1995,R,10/20/1995,105,82,6.9,74125,tt0113161,,0,0,0,0,0
Ghost,Romance,1990,PG-13,7/13/1990,127,52,7,190146,tt0099653,,3,2,14,5,5
Ghost Rider,Fantasy,2007,PG-13,2/16/2007,110,35,5.2,218752,tt0259324,115802596,10,2,5,47,9
Ghost Ship,Horror,2002,R,10/25/2002,91,28,5.5,91186,tt0288477,30100000,6,3,11,17,8
Ghost World,Comedy,2001,R,9/21/2001,111,88,7.3,110999,tt0162346,4694484,9,7,1,28,6
Ghostbusters,Sci-Fi,1984,PG,6/8/1984,105,71,7.8,344050,tt0087332,,0,0,0,0,0
G.I. Jane,Drama,1997,R,8/22/1997,125,62,5.9,71574,tt0119173,,11,3,11,14,17
G.I. Joe: The Rise of Cobra,Sci-Fi,2009,PG-13,8/7/2009,118,32,5.8,196262,tt1046173,150167630,11,2,5,0,4
Ginger Snaps,Horror,2000,Not Rated,5/11/2001,108,70,6.8,40534,tt0210070,,10,5,4,38,17
Gladiator,Drama,2000,R,5/5/2000,155,67,8.5,1295815,tt0172495,,1,0,7,0,1
Go,Crime,1999,R,4/9/1999,102,72,7.2,65835,tt0139239,,14,6,2,61,34
Godfather,Crime,1991,Not Rated,11/15/1991,150,,8.6,2644,tt0353496,,1,6,4,0,0
Gods and Monsters,Drama,1998,R,11/4/1998,105,74,7.4,28694,tt0120684,,4,2,7,11,5
Godzilla,Sci-Fi,2014,PG-13,5/16/2014,123,62,6.4,368029,tt0831387,172962996,0,1,11,0,2
Gone in 60 Seconds,Crime,2000,PG-13,6/9/2000,118,35,6.5,255572,tt0187078,100978700,15,3,15,9,33
Good Will Hunting,Comedy,1997,R,1/9/1998,126,70,8.3,829889,tt0119217,,13,4,7,93,28
Grabbers,Horror,2012,Not Rated,8/10/2012,94,62,6.3,16540,tt1525366,,1,1,0,9,9
Gran Torino,Crime,2008,R,1/9/2009,116,72,8.1,702888,tt1205489,148055047,8,20,36,31,18
Grand Hotel,Romance,1932,Not Rated,9/11/1932,112,,7.4,16495,tt0022958,,0,0,0,0,0
Grand Theft Parsons,Comedy,2003,PG-13,6/18/2004,88,46,6,3273,tt0338075,,3,5,9,2,9
Gravity,Sci-Fi,2013,PG-13,10/4/2013,91,96,7.7,749518,tt1454468,274084951,0,1,2,0,7
Gremlins,Horror,1984,PG,6/8/1984,106,70,7.3,190722,tt0087363,,3,1,6,1,1
Groundhog Day,Romance,1993,PG,2/12/1993,101,72,8,565244,tt0107048,,1,0,2,1,1
Guardians of the Galaxy Vol. 2,Adventure,2017,PG-13,5/5/2017,136,67,7.6,542063,tt3896198,389804217,5,1,9,0,4
Hackers,Thriller,1995,PG-13,9/15/1995,105,46,6.3,64073,tt0113243,,4,1,1,1,24
Hall Pass,Romance,2011,R,2/25/2011,105,45,5.8,117950,tt0480687,45045037,9,1,1,1,9
Halloween,Horror,1978,R,10/27/1978,91,87,7.8,220388,tt0077651,,6,4,3,16,15
Halloween: The Curse of Michael Myers,Horror,1995,R,9/29/1995,87,10,4.9,30004,tt0113253,,6,0,9,6,6
Hancock,Fantasy,2008,PG-13,7/2/2008,92,49,6.4,434647,tt0448157,227946274,13,3,6,30,24
Hannah and Her Sisters,Romance,1986,PG-13,3/14/1986,107,90,7.9,64792,tt0091167,,1,0,2,1,0
Hannibal,Horror,2001,R,2/9/2001,131,57,6.8,247645,tt0212985,163877858,0,1,0,2,0
Happy Feet,Family,2006,PG,11/17/2006,108,77,6.4,165838,tt0366548,197800000,1,0,0,0,1
Hard Rain,Thriller,1998,R,1/16/1998,97,36,5.9,31475,tt0120696,,3,3,11,3,15
Hard to Kill,Romance,1990,R,2/9/1990,96,41,5.8,26659,tt0099739,,7,11,1,18,12
Heat,Thriller,1995,R,12/15/1995,170,76,8.2,557580,tt0113277,,8,5,2,44,8
Heathers,Comedy,1989,R,3/31/1989,103,72,7.2,83648,tt0097493,,16,11,22,28,32
Heavenly Creatures,Horror,1994,R,10/14/1994,99,,7.3,57795,tt0110005,,0,0,5,0,0
Heavy Metal,Horror,1981,R,8/7/1981,86,51,6.7,30539,tt0082509,,3,4,4,2,4
Heist,Thriller,2001,R,11/9/2001,109,66,6.5,32600,tt0252503,23287872,2,3,2,33,5
Hellbound: Hellraiser II,Horror,1988,R,12/23/1988,97,41,6.5,40301,tt0095294,,1,2,0,5,13
Hellboy,Horror,2004,PG-13,4/2/2004,122,72,6.8,301177,tt0167190,59035104,1,0,3,0,0
Hellraiser,Horror,1987,R,9/18/1987,94,57,7,99356,tt0093177,,2,2,10,11,8
Hellraiser: Hellseeker,Horror,2002,R,10/15/2002,89,46,5,10764,tt0274546,,7,2,0,15,6
Henry Fool,Comedy,1997,R,6/19/1998,137,68,7.2,6762,tt0122529,,5,0,1,17,13
Henry's Crime,Crime,2010,R,1/14/2011,108,49,6,18377,tt1220888,100000,0,2,7,12,11
Her,Sci-Fi,2013,R,1/10/2014,126,90,8,518386,tt1798709,17901029,3,1,0,32,6
He's Just Not That Into You,Romance,2009,PG-13,2/6/2009,129,47,6.4,158297,tt1001508,93800000,10,0,0,1,21
Hesher,Drama,2010,R,6/25/2011,106,45,7,49780,tt1403177,300000,8,2,0,98,24
High Fidelity,Romance,2000,R,3/31/2000,113,79,7.5,164661,tt0146882,,14,1,2,65,14
Highlander,Fantasy,1986,R,3/7/1986,116,24,7.1,118150,tt0091203,,2,2,1,0,2
Highlander: Endgame,Sci-Fi,2000,R,9/1/2000,87,21,4.6,19029,tt0144964,,0,0,0,0,0
His Girl Friday,Romance,1940,Passed,1/18/1940,92,,7.9,51664,tt0032599,,0,0,0,0,0
Hitchcock,Drama,2012,PG-13,12/14/2012,98,55,6.8,70613,tt0975645,6002708,0,1,3,0,0
Hollow Man,Horror,2000,R,8/4/2000,112,24,5.8,121015,tt0164052,72055301,3,0,25,16,19
Horrible Bosses,Crime,2011,R,7/8/2011,98,57,6.9,413492,tt1499658,116900000,9,4,8,48,27
Hostage,Thriller,2005,R,3/11/2005,113,44,6.6,105076,tt0340163,34617915,19,2,15,73,25
Hot Tub Time Machine,Sci-Fi,2010,R,3/26/2010,101,63,6.4,159298,tt1231587,48925682,11,1,6,57,23
Hotel Rwanda,War,2004,PG-13,2/4/2005,121,79,8.1,326991,tt0395169,23472900,3,0,0,8,3
House of 1000 Corpses,Horror,2003,R,4/11/2003,89,31,6.1,74271,tt0251736,12583510,17,12,13,84,41
How to Lose Friends & Alienate People,Romance,2008,R,10/3/2008,110,35,6.4,67038,tt0455538,2458092,5,4,0,28,9
How to Train Your Dragon,Animation,2010,PG,3/26/2010,98,75,8.1,647266,tt0892769,216900000,0,0,0,0,0
How to Train Your Dragon 2,Animation,2014,PG,6/13/2014,102,76,7.8,296202,tt1646971,147065544,0,0,0,0,0
Hudson Hawk,Crime,1991,R,5/24/1991,100,17,5.8,50686,tt0102070,,6,5,18,16,13
Human Nature,Comedy,2001,R,9/12/2001,96,56,6.4,17093,tt0219822,651165,3,5,4,14,8
I Am Number Four,Sci-Fi,2011,PG-13,2/18/2011,111,36,6.1,224308,tt1464540,55086029,2,0,3,1,1
I Am Sam,Drama,2001,PG-13,1/25/2002,132,28,7.7,140577,tt0277027,40270895,1,1,6,1,1
I Love You Phillip Morris,Romance,2009,R,1/7/2011,98,65,6.6,90006,tt1045772,2026852,10,4,6,30,14
I Spit on Your Grave,Horror,2010,R,1/20/2011,108,27,6.3,73601,tt1242432,92401,19,10,11,29,32
I'll Do Anything,Comedy,1994,PG-13,2/4/1994,115,,5.5,2389,tt0110097,,0,2,2,11,11
In the Bedroom,Crime,2001,R,2/8/2002,131,86,7.4,36572,tt0247425,35733119,2,3,1,5,3
In the Loop,Comedy,2009,Not Rated,9/4/2009,106,83,7.4,53087,tt1226774,2251324,2,2,0,150,26
Independence Day,Sci-Fi,1996,PG-13,7/3/1996,145,59,7,516789,tt0116629,,4,2,12,3,5
Indiana Jones and the Last Crusade,Adventure,1989,PG-13,5/24/1989,127,65,8.2,671347,tt0097576,,0,0,5,0,0
Indiana Jones and the Temple of Doom,Adventure,1984,PG,5/23/1984,118,57,7.6,434438,tt0087469,,2,0,8,0,1
Inglourious Basterds,War,2009,R,8/21/2009,153,69,8.3,1217923,tt0361748,120523073,9,4,18,39,6
Insidious,Horror,2010,PG-13,4/1/2011,103,52,6.8,269122,tt1591095,53700000,2,3,1,6,4
Insomnia,Thriller,2002,R,5/24/2002,118,78,7.2,265985,tt0278504,67300000,6,4,4,21,13
Interstellar,Sci-Fi,2014,PG-13,11/7/2014,169,74,8.6,1424440,tt0816692,158737441,2,1,2,0,0
Into the Wild,Adventure,2007,R,10/19/2007,148,73,8.1,556447,tt0758758,18173360,4,0,2,4,7
Into the Woods,Adventure,2014,PG,12/25/2014,125,69,5.9,128879,tt2180411,89789227,0,0,0,0,0
Intolerable Cruelty,Romance,2003,PG-13,10/10/2003,100,71,6.2,89079,tt0138524,35096190,12,2,6,2,6
Inventing the Abbotts,Romance,1997,R,4/4/1997,110,49,6.4,11311,tt0119381,,7,1,7,15,21
Invictus,Drama,2009,PG-13,12/11/2009,134,74,7.3,146753,tt1057500,37431431,1,0,2,0,4
It,Horror,2017,R,9/8/2017,135,69,7.3,436909,tt1396484,326898358,8,0,4,10,20
It Happened One Night,Romance,1934,Approved,2/22/1934,105,87,8.1,90473,tt0025316,,0,0,0,0,0
It's a Wonderful Life,Romance,1946,Passed,1/7/1947,130,89,8.6,384831,tt0038650,,0,0,0,0,0
It's Complicated,Romance,2009,R,12/25/2009,120,57,6.5,84281,tt1230414,112703470,3,1,0,0,1
Jackie Brown,Crime,1997,R,12/25/1997,154,64,7.5,306026,tt0119396,,52,8,14,109,64
Jacob's Ladder,Thriller,1990,R,11/2/1990,113,62,7.5,95662,tt0099871,,1,7,29,19,20
Jane Eyre,Romance,2011,PG-13,4/22/2011,120,76,7.3,78895,tt1229822,,0,0,1,0,0
Jason X,Horror,2001,R,4/26/2002,91,25,4.4,48982,tt0211443,12610731,24,12,17,20,39
Jaws,Horror,1975,PG,6/20/1975,124,87,8,531727,tt0073195,,4,5,9,0,1
Jaws 2,Horror,1978,PG,6/16/1978,116,51,5.8,68798,tt0077766,,6,5,18,0,19
Jay and Silent Bob Strike Back,Adventure,2001,R,8/24/2001,104,51,6.8,146326,tt0261392,29885424,38,40,6,202,84
Jennifer's Body,Horror,2009,R,9/18/2009,102,47,5.2,111913,tt1131734,16031583,9,3,2,18,13
Jerry Maguire,Romance,1996,R,12/13/1996,139,77,7.3,234615,tt0116695,,4,1,3,21,10
John Q,Thriller,2002,PG-13,2/15/2002,116,30,7.1,120302,tt0251160,71026631,0,0,0,0,0
John Wick,Thriller,2014,R,10/24/2014,101,68,7.4,514375,tt2911666,,2,1,1,36,9
Joker,Thriller,2019,R,10/4/2019,122,59,8.5,809274,tt7286456,,10,0,0,36,15
Judge Dredd,Sci-Fi,1995,R,6/30/1995,96,,5.6,107979,tt0113492,,10,2,6,6,3
Juno,Romance,2007,PG-13,12/25/2007,96,81,7.4,481291,tt0467406,143380890,10,3,3,4,8
Jurassic Park,Horror,1993,PG-13,6/11/1993,127,68,8.1,836515,tt0107290,45299680,1,1,13,0,12
Jurassic Park III,Horror,2001,PG-13,7/18/2001,92,42,5.9,288763,tt0163025,,1,0,7,0,3
Kafka,Drama,1991,PG-13,11/15/1991,98,46,6.9,9089,tt0102181,,0,0,1,0,0
Kalifornia,Thriller,1993,R,9/3/1993,117,49,6.7,49891,tt0107302,,7,7,9,22,14
Kate & Leopold,Romance,2001,PG-13,12/25/2001,118,44,6.4,77364,tt0035423,47095453,0,1,1,4,6
Kids,Drama,1995,Unrated,9/1/1995,91,63,7.1,71099,tt0113540,,9,12,2,99,42
Kill Your Darlings,Romance,2013,R,9/19/2013,104,65,6.5,34380,tt1311071,679958,1,2,8,11,5
Killing Zoe,Thriller,1993,R,9/1/1994,96,,6.5,19391,tt0110265,,10,5,7,82,21
Knocked Up,Romance,2007,R,6/1/2007,129,85,6.9,343267,tt0478311,148734225,22,6,3,121,53
Kramer vs. Kramer,Drama,1979,PG,12/19/1979,105,77,7.8,128018,tt0079417,,1,3,9,2,10
Kundun,Drama,1997,PG-13,1/16/1998,134,74,7,25507,tt0119485,,0,0,0,0,0
Kung Fu Panda,Family,2008,PG,6/6/2008,92,74,7.5,405963,tt0441773,215395021,0,0,0,0,0
Labor of Love,Romance,2020,N/A,5/21/2020,,,3,108,tt12237066,,2,1,5,2,10
Lake Placid,Horror,1999,R,7/16/1999,82,34,5.7,53156,tt0139414,,2,0,1,13,12
Land of the Dead,Horror,2005,R,6/24/2005,93,71,6.2,90019,tt0418819,20433940,5,1,3,30,9
Larry Crowne,Romance,2011,PG-13,7/1/2011,98,41,6.1,61791,tt1583420,35565975,5,1,3,1,1
Last Chance Harvey,Romance,2008,PG-13,1/16/2009,93,57,6.6,20161,tt1046947,14840421,1,0,1,6,4
Last Tango in Paris,Romance,1972,NC-17,2/7/1973,129,77,7,48278,tt0070849,,10,0,6,25,14
Law Abiding Citizen,Thriller,2009,R,10/16/2009,109,34,7.4,264575,tt1197624,73343413,15,5,8,43,32
Leaving Las Vegas,Romance,1995,R,2/9/1996,111,82,7.5,111717,tt0113627,,4,0,1,38,3
Legally Blonde,Comedy,2001,PG-13,7/13/2001,96,59,6.3,178156,tt0250494,95001351,13,5,3,2,3
Legend,Romance,2015,R,11/20/2015,132,55,6.9,152324,tt3569230,14146549,2,0,3,0,1
Legion,Horror,2010,R,1/22/2010,100,32,5.2,97302,tt1038686,40168080,4,6,12,50,11
Leviathan,Horror,2014,R,2/5/2015,140,92,7.6,47377,tt2802154,754393,8,5,12,28,21
Liar Liar,Fantasy,1997,PG-13,3/21/1997,86,70,6.9,273714,tt0119528,,3,1,5,0,6
Life,Comedy,2017,R,3/24/2017,104,54,6.6,199775,tt5442430,30180466,13,10,28,19,16
Life as a House,Comedy,2001,R,11/9/2001,125,45,7.5,42248,tt0264796,15412701,4,1,2,16,11
Life of Pi,Adventure,2012,PG,11/21/2012,127,79,7.9,566900,tt0454876,103500000,0,0,0,0,0
Light Sleeper,Drama,1992,R,3/13/1992,103,70,6.9,5232,tt0102307,,5,1,2,26,8
Lincoln,Drama,2012,PG-13,11/16/2012,150,86,7.3,239062,tt0443272,129477447,0,2,18,1,3
Little Athens,Comedy,2005,R,6/1/2005,103,,5.6,902,tt0417907,,41,11,1,136,79
Little Men,Drama,2016,PG,5/4/2017,85,86,6.7,6675,tt4919484,702191,0,2,2,1,1
Little Nicky,Horror,2000,PG-13,11/10/2000,90,38,5.3,95788,tt0185431,38542597,13,1,7,0,11
Living in Oblivion,Comedy,1995,R,7/21/1995,90,81,7.5,15918,tt0113677,,8,0,5,47,13
Logan,Sci-Fi,2017,R,3/3/2017,137,77,8.1,619868,tt3315342,226276809,11,1,4,35,19
Logan's Run,Sci-Fi,1976,PG,6/23/1976,119,53,6.8,50342,tt0074812,,0,0,5,0,0
Looper,Sci-Fi,2012,R,9/28/2012,113,84,7.4,522483,tt1276104,66305045,3,0,8,29,13
Lord of Illusions,Horror,1995,R,8/25/1995,109,,6.1,14199,tt0113690,,2,1,4,32,18
Lord of War,Crime,2005,R,9/16/2005,122,62,7.6,288049,tt0399295,24033036,2,0,2,54,3
Lost in Space,Sci-Fi,2018,TV-PG,4/13/2018,60,,7.3,69373,tt5232792,,1,1,11,0,2
Lost in Translation,Romance,2003,R,10/3/2003,102,89,7.7,398514,tt0335266,44566004,0,0,0,3,1
Machete,Thriller,2010,R,9/3/2010,105,60,6.6,187641,tt0985694,26200000,10,12,11,50,14
Machine Gun Preacher,Crime,2011,R,11/2/2011,129,43,6.8,61962,tt1586752,400000,1,4,6,28,13
Mad Max 2: The Road Warrior,Sci-Fi,1981,R,5/21/1982,96,77,7.6,162472,tt0082694,,0,0,0,0,0
Made,Crime,2001,R,8/31/2001,95,62,6.4,16911,tt0227005,3673981,22,3,10,126,85
Magnolia,Drama,1999,R,1/7/2000,188,77,8,282457,tt0175880,,13,6,10,168,34
Major League,Comedy,1989,R,4/7/1989,107,62,7.2,60183,tt0097815,,5,2,8,14,25
Malcolm X,Drama,1992,PG-13,11/18/1992,202,72,7.7,82459,tt0104797,,2,9,4,1,13
Malibu's Most Wanted,Comedy,2003,PG-13,4/18/2003,86,43,5.1,18248,tt0328099,34308901,37,17,30,1,7
Man on Fire,Crime,2004,R,4/23/2004,146,47,7.7,321537,tt0328107,77600000,6,0,3,19,6
Man on the Moon,Comedy,1999,R,12/22/1999,118,58,7.4,121427,tt0125664,,6,0,3,6,6
Man Trouble,Romance,1992,PG-13,7/17/1992,100,,4.7,2825,tt0104804,,5,6,15,6,10
Manhunter,Horror,1986,R,8/15/1986,120,75,7.2,63266,tt0091474,,2,3,6,8,5
Margaret,Drama,2011,R,6/1/2012,150,61,6.4,15594,tt0466893,46495,6,1,3,49,12
Margin Call,Thriller,2011,R,9/29/2011,107,76,7.1,112802,tt1615147,600000,2,0,3,67,11
Margot at the Wedding,Comedy,2007,R,12/14/2007,91,66,6,19133,tt0757361,1929081,4,1,0,39,11
Marley & Me,Romance,2008,PG,12/25/2008,115,53,7.1,143412,tt0822832,143084510,5,1,3,0,0
Martha Marcy May Marlene,Thriller,2011,R,12/21/2011,102,75,6.9,47560,tt1441326,2981038,4,0,1,14,5
Marty,Romance,1955,Not Rated,6/10/1955,90,,7.7,20694,tt0048356,,0,0,0,0,0
Max Payne,Crime,2008,PG-13,10/17/2008,100,31,5.4,120508,tt0467197,40632110,2,2,1,0,7
Mean Streets,Crime,1973,R,10/14/1973,112,96,7.3,95563,tt0070379,,0,2,3,11,12
Meet John Doe,Comedy,1941,Not Rated,5/3/1941,122,,7.7,11442,tt0033891,,0,0,0,0,0
Megamind,Sci-Fi,2010,PG,11/5/2010,95,63,7.2,221105,tt1001526,148244405,7,2,3,0,6
Men in Black,Sci-Fi,1997,PG-13,7/2/1997,98,71,7.3,503621,tt0119654,,4,1,12,0,10
Men in Black 3,Sci-Fi,2012,PG-13,5/25/2012,106,58,6.8,327497,tt1409024,179020854,10,1,11,0,5
Metro,Thriller,1997,R,1/17/1997,117,,5.5,25096,tt0119664,,5,5,6,45,27
Miami Vice,Crime,2006,R,7/28/2006,132,65,6,107576,tt0430357,63400000,4,2,1,23,10
Midnight Cowboy,Drama,1969,R,6/16/1969,113,79,7.8,97754,tt0064665,,3,3,3,0,1
Midnight Express,Thriller,1978,R,10/6/1978,121,59,7.6,71083,tt0077928,,14,1,8,43,21
Midnight in Paris,Romance,2011,PG-13,6/10/2011,94,81,7.7,376423,tt1605783,55400000,0,0,5,0,0
Mighty Joe Young,Family,1998,PG,12/25/1998,114,51,5.6,26935,tt0120751,,3,0,5,0,0
Mighty Morphin Power Rangers: The Movie,Family,1995,PG,6/30/1995,95,40,5.2,24582,tt0113820,,0,0,1,0,0
Milk,Drama,2008,R,1/30/2009,128,84,7.5,161742,tt1013753,31716847,5,0,7,8,12
Miller's Crossing,Thriller,1990,R,10/5/1990,115,66,7.7,123096,tt0100150,,1,16,23,1,2
Mimic,Horror,1997,R,8/22/1997,105,55,5.9,44905,tt0119675,,1,1,1,16,17
Mini's First Time,Crime,2006,R,8/9/2007,91,45,5.8,7915,tt0425253,21828,2,8,7,25,9
Misery,Horror,1990,R,11/30/1990,107,75,7.8,176467,tt0100157,,0,4,2,8,4
Mission: Impossible,Adventure,1996,PG-13,5/22/1996,110,59,7.1,377541,tt0117060,,5,4,6,1,1
Mission to Mars,Sci-Fi,2000,PG,3/10/2000,114,34,5.7,69016,tt0183523,,0,2,8,0,3
Moneyball,Drama,2011,PG-13,9/23/2011,133,87,7.6,349587,tt1210166,75605492,8,1,0,8,10
Monkeybone,Animation,2001,PG-13,2/23/2001,93,40,4.7,16394,tt0166276,4942155,11,1,6,0,7
Monster's Ball,Romance,2001,R,3/1/2002,111,69,7,80974,tt0285742,31252964,0,0,0,0,0
Monte Carlo,Romance,2011,PG,7/1/2011,109,43,5.8,40274,tt1067774,22500000,2,1,1,0,0
Moonrise Kingdom,Romance,2012,PG-13,6/29/2012,94,84,7.8,309299,tt1748122,45507865,0,0,5,0,1
Moonstruck,Romance,1987,PG,1/15/1988,102,83,7.1,47598,tt0093565,,0,2,2,0,2
Mr. Blandings Builds His Dream House,Comedy,1948,Approved,6/4/1948,94,,7.3,9775,tt0040613,,0,0,0,0,0
Mr. Deeds Goes to Town,Comedy,1936,Not Rated,4/12/1936,115,,7.9,19113,tt0027996,,0,0,0,0,0
Mud,Drama,2012,PG-13,5/10/2013,130,76,7.4,163320,tt1935179,21589307,11,8,4,0,28
Mumford,Comedy,1999,R,9/24/1999,112,62,6.8,8660,tt0140397,,5,3,3,6,6
Music of the Heart,Drama,1999,PG,10/29/1999,124,54,6.8,11502,tt0166943,,1,1,2,0,3
Mute Witness,Horror,1995,R,9/15/1995,95,,6.7,5168,tt0110604,,0,0,3,2,5
My Best Friend's Wedding,Romance,1997,PG-13,6/20/1997,105,50,6.3,124674,tt0119738,,4,4,8,12,19
My Girl,Romance,1991,PG,11/27/1991,102,56,6.9,70013,tt0102492,,0,0,2,0,3
My Mother Dreams the Satan's Disciples in New York,Short,1998,N/A,10/1/1998,30,,7.2,108,tt0177023,,1,0,1,3,2
My Week with Marilyn,Drama,2011,R,12/23/2011,99,65,7,82007,tt1655420,12600000,1,0,2,12,3
Mystery Men,Fantasy,1999,PG-13,8/6/1999,121,65,6.1,60815,tt0132347,,1,2,3,0,0
Napoleon Dynamite,Comedy,2004,PG,8/27/2004,96,64,6.9,193466,tt0374900,44478018,0,0,0,0,0
Natural Born Killers,Romance,1994,R,8/26/1994,118,74,7.3,210566,tt0110632,,20,11,8,46,30
Never Been Kissed,Romance,1999,PG-13,4/9/1999,107,60,6.1,81213,tt0151738,,0,0,0,0,0
New York Minute,Family,2004,PG,5/7/2004,91,33,5,21302,tt0363282,14018364,1,0,5,0,1
Next,Sci-Fi,2007,PG-13,4/27/2007,96,42,6.2,145493,tt0435705,17993461,5,2,6,0,6
Next Friday,Comedy,2000,R,1/12/2000,98,41,6.2,35810,tt0195945,,46,7,29,32,26
"Ni vu, ni connu",Comedy,2011,N/A,11/7/2011,100,,6.1,14,tt2070755,,0,0,3,0,0
Nick of Time,Thriller,1995,R,11/22/1995,90,,6.3,37916,tt0113972,,3,5,4,22,8
Nightbreed,Horror,1990,R,2/16/1990,102,40,6.6,18970,tt0100260,,5,0,12,24,19
Ninja Assassin,Thriller,2009,R,11/25/2009,99,34,6.3,66929,tt1186367,38105077,1,1,3,29,6
Ninotchka,Romance,1939,Not Rated,11/23/1939,110,,7.9,18327,tt0031725,,0,0,0,0,0
No Country for Old Men,Thriller,2007,R,11/21/2007,122,91,8.1,823136,tt0477348,74223625,5,2,9,2,1
No Strings Attached,Romance,2011,R,1/21/2011,108,50,6.2,208225,tt1411238,70300000,7,5,1,29,13
Notting Hill,Romance,1999,PG-13,5/28/1999,124,68,7.1,262806,tt0125439,,2,1,8,2,4
Nurse Betty,Thriller,2000,R,9/8/2000,110,69,6.1,32505,tt0171580,,12,4,32,45,30
"O Brother, Where Art Thou?",Adventure,2000,PG-13,2/2/2001,107,69,7.7,276491,tt0190590,45150731,3,10,41,0,0
Oblivion,Sci-Fi,2013,PG-13,4/19/2013,124,54,7,473697,tt1483013,89021735,0,2,1,0,0
Observe and Report,Crime,2009,R,4/10/2009,86,54,5.8,59971,tt1197628,23993605,18,10,34,87,46
Obsessed,Thriller,2009,PG-13,4/24/2009,108,25,5,28685,tt1198138,68261644,7,4,6,8,3
Ocean's Eleven,Thriller,2001,PG-13,12/7/2001,116,74,7.7,500741,tt0240772,183349128,1,2,7,7,14
Ocean's Twelve,Thriller,2004,PG-13,12/10/2004,125,58,6.5,349441,tt0349903,125402117,1,1,6,1,4
Office Space,Comedy,1999,R,2/19/1999,89,68,7.7,236377,tt0151804,,13,3,3,12,23
One Flew Over the Cuckoo's Nest,Drama,1975,R,11/19/1975,133,83,8.7,884641,tt0073486,,14,3,4,12,8
Only God Forgives,Thriller,2013,R,5/22/2013,90,37,5.7,105083,tt1602613,700000,0,1,0,28,2
Ordinary People,Drama,1980,R,9/19/1980,124,86,7.7,45278,tt0081283,,8,1,14,10,12
Orgy of the Dead,Horror,1965,Unrated,6/1/1965,92,,2.9,2400,tt0054240,,0,0,3,0,0
Out of Sight,Romance,1998,R,6/26/1998,123,85,7,82946,tt0120780,,15,0,3,51,42
Pandorum,Horror,2009,R,9/25/2009,108,28,6.7,141282,tt1188729,10261085,2,1,6,15,7
Panic Room,Thriller,2002,R,3/29/2002,112,65,6.8,250791,tt0258000,95308367,5,0,5,30,12
Papadopoulos & Sons,Comedy,2012,Not Rated,4/5/2013,105,,6,2228,tt2006810,,0,1,0,7,4
ParaNorman,Animation,2012,PG,8/17/2012,92,72,7,91243,tt1623288,55994557,0,0,3,0,0
Pariah,Drama,2011,R,1/20/2011,86,79,7.2,5885,tt1233334,758099,8,0,13,10,14
Passengers,Sci-Fi,2016,PG-13,12/21/2016,116,41,7,336522,tt1355644,100014092,0,1,0,0,0
Paul,Sci-Fi,2011,R,3/18/2011,104,57,7,229607,tt1092026,37371385,3,2,10,25,19
Pearl Harbor,War,2001,PG-13,5/25/2001,183,44,6.2,305436,tt0213149,197761540,4,8,2,8,26
Peeping Tom,Horror,1960,Not Rated,12/1/1961,101,,7.7,29733,tt0054167,,0,1,0,0,0
Peggy Sue Got Married,Comedy,1986,PG-13,10/10/1986,103,74,6.3,31521,tt0091738,,0,1,10,0,3
Perfect Creature,Horror,2006,R,10/18/2007,90,,5.4,5228,tt0403407,,0,0,1,10,3
Pet Sematary,Horror,1989,R,4/21/1989,103,38,6.6,91220,tt0098084,,3,2,8,2,10
Pet Sematary II,Horror,1992,R,8/28/1992,100,35,4.9,18777,tt0105128,,9,0,8,10,13
Petulia,Drama,1968,R,9/2/1968,105,,7.1,2705,tt0063426,,1,1,9,0,0
Philadelphia,Drama,1993,PG-13,1/14/1994,125,66,7.7,217505,tt0107818,,6,1,7,17,13
Phone Booth,Thriller,2002,R,4/4/2003,81,56,7,246069,tt0183649,46524362,9,6,8,49,19
Pi,Sci-Fi,1998,R,7/10/1998,84,72,7.4,166458,tt0138704,,1,0,9,10,5
Pineapple Express,Crime,2008,R,8/6/2008,111,64,6.9,308770,tt0910936,,11,5,2,194,61
Pirates of the Caribbean: Dead Man's Chest,Fantasy,2006,PG-13,7/7/2006,151,53,7.3,640351,tt0383574,423032628,1,0,1,0,0
Pitch Black,Horror,2000,R,2/18/2000,109,49,7.1,221297,tt0134847,,10,0,9,29,8
Platinum Blonde,Romance,1931,Passed,10/31/1931,89,,6.9,2623,tt0022268,,0,0,0,0,0
Platoon,War,1986,R,2/6/1987,120,92,8.1,370072,tt0091763,,39,10,11,113,100
Pleasantville,Fantasy,1998,PG-13,10/23/1998,124,71,7.5,119048,tt0120789,,0,1,3,1,2
Point Break,Adventure,1991,R,7/12/1991,122,58,7.3,150813,tt0102685,,14,4,15,54,31
Precious,Drama,2009,R,11/20/2009,110,78,7.3,103598,tt0929632,47536959,22,19,8,15,13
Predator,Horror,1987,R,6/12/1987,107,45,7.8,362392,tt0093773,,3,4,7,15,12
Pretty Woman,Romance,1990,R,3/23/1990,119,51,7,278631,tt0100405,,7,3,2,4,11
Pride and Prejudice,Romance,1995,TV-PG,1/14/1996,327,,8.8,72954,tt0112130,,1,0,5,0,0
Priest,Horror,2011,PG-13,5/13/2011,87,41,5.7,112664,tt0822847,29100000,1,0,3,2,7
Prom Night,Mystery,2008,PG-13,4/11/2008,88,17,3.9,33088,tt0926129,43818159,2,1,5,0,2
Prometheus,Mystery,2012,R,6/8/2012,124,64,7,557392,tt1446714,126464904,0,1,4,4,2
Psycho,Horror,1960,R,9/8/1960,109,97,8.5,580762,tt0054215,,0,0,0,0,0
Public Enemies,Crime,2009,R,7/1/2009,140,70,7,275023,tt1152836,97000000,2,5,11,3,3
Pulp Fiction,Crime,1994,R,10/14/1994,154,94,8.9,1764981,tt0110912,,41,13,22,169,72
Punch-Drunk Love,Romance,2002,R,11/1/2002,95,78,7.3,142544,tt0272338,17800000,1,0,4,18,6
Purple Rain,Drama,1984,R,7/27/1984,111,55,6.6,18889,tt0087957,,8,2,3,22,11
Quantum Project,Short,2000,N/A,5/5/2000,40,,5.9,39,tt0239860,,0,1,0,0,0
Queen of the Damned,Horror,2002,R,2/22/2002,101,30,5.3,51416,tt0238546,31000000,0,0,5,0,1
Rachel Getting Married,Romance,2008,R,10/31/2008,113,82,6.7,46580,tt1084950,12748504,5,0,1,10,7
Raging Bull,Drama,1980,R,12/19/1980,129,89,8.2,310546,tt0081398,,10,3,2,67,7
Raising Arizona,Comedy,1987,PG-13,4/17/1987,94,68,7.3,123452,tt0093822,,4,8,20,3,13
Rambling Rose,Drama,1991,R,9/20/1991,112,,6.6,4482,tt0102753,,4,13,27,0,3
Real Genius,Comedy,1985,PG,8/7/1985,108,71,7,29339,tt0089886,,0,0,0,0,0
Rear Window,Mystery,1954,PG,9/1/1954,112,100,8.4,428644,tt0047396,,0,0,0,0,0
Rebel Without a Cause,Drama,1955,PG-13,11/24/1955,111,89,7.7,81022,tt0048545,,0,0,0,0,0
Red Planet,Sci-Fi,2000,PG-13,11/10/2000,106,34,5.7,54131,tt0199753,,0,0,0,0,0
Red Riding Hood,Mystery,2011,PG-13,3/11/2011,100,29,5.5,105800,tt1486185,37200000,2,0,1,0,0
Reindeer Games,Crime,2000,R,2/25/2000,104,37,5.8,36767,tt0184858,,3,2,26,61,14
Remember Me,Romance,2010,PG-13,3/12/2010,113,40,7.1,134448,tt1403981,18242661,13,2,2,3,10
Repo Man,Sci-Fi,1984,R,3/2/1984,92,75,6.9,32672,tt0087995,,11,1,22,54,36
Reservoir Dogs,Crime,1992,R,9/2/1992,99,79,8.3,888475,tt0105236,,31,10,13,200,67
Resident Evil,Horror,2002,R,3/15/2002,100,33,6.7,241735,tt0120804,39532308,8,3,7,16,29
Revolutionary Road,Romance,2008,R,1/23/2009,119,69,7.3,190055,tt0959337,22877808,3,0,12,12,3
Ringu,Mystery,1998,Not Rated,1/31/1998,96,,7.2,61624,tt0178868,,0,0,0,0,0
Rise of the Guardians,Animation,2012,PG,11/21/2012,97,58,7.3,152477,tt1446192,98800000,0,0,0,0,0
Rise of the Planet of the Apes,Sci-Fi,2011,PG-13,8/5/2011,105,68,7.6,488681,tt1318514,175300000,4,2,5,0,0
RKO 281,Drama,1999,R,11/20/1999,86,,7,5558,tt0120801,,1,3,22,26,12
Robin Hood: Prince of Thieves,Adventure,1991,PG-13,6/14/1991,143,51,6.9,173748,tt0102798,,2,1,19,0,0
RocknRolla,Crime,2008,R,10/31/2008,114,53,7.3,229434,tt1032755,5665302,0,0,0,55,11
Rocky,Romance,1976,PG,12/3/1976,120,70,8.1,502081,tt0075148,,2,0,8,2,0
Romeo & Juliet,Romance,1978,TV-14,12/3/1978,168,,6.8,340,tt0078176,,0,0,0,0,0
Ronin,Crime,1998,R,9/25/1998,122,67,7.3,168282,tt0122690,,7,6,13,35,12
Room,Drama,2015,R,1/22/2016,118,86,8.1,351480,tt3170832,14677654,1,0,1,2,3
Runaway Bride,Romance,1999,PG,7/30/1999,116,39,5.5,90635,tt0163187,,3,0,1,0,0
Rush,Drama,2013,R,9/27/2013,123,74,8.1,419377,tt1979320,22442876,13,0,0,8,6
Rush Hour,Crime,1998,PG-13,9/18/1998,98,60,7,232877,tt0120812,,17,3,23,40,28
Rush Hour 2,Crime,2001,PG-13,8/3/2001,90,48,6.6,194706,tt0266915,,16,1,7,0,24
Rushmore,Romance,1998,R,2/19/1999,93,86,7.7,164730,tt0128445,,0,0,0,0,0
Rust and Bone,Romance,2012,R,5/17/2012,120,73,7.5,62034,tt2053425,1900000,4,3,1,20,13
S. Darko,Mystery,2009,R,8/21/2009,103,,3.6,13023,tt1231277,,7,3,3,37,17
Save the Last Dance,Romance,2001,PG-13,1/12/2001,112,53,6.2,55963,tt0206275,,26,12,9,32,56
Saving Mr. Banks,Comedy,2013,PG-13,12/20/2013,125,65,7.5,147963,tt2140373,53260198,0,0,1,0,0
Saving Private Ryan,War,1998,R,7/24/1998,169,91,8.6,1193695,tt0120815,,6,5,37,20,10
Saw,Mystery,2004,R,10/29/2004,103,46,7.6,369218,tt0387564,55100000,2,2,2,32,16
Scarface,Crime,1983,R,12/9/1983,170,65,8.3,711819,tt0086250,656161,6,1,3,42,14
Scary Movie 2,Horror,2001,R,7/4/2001,83,29,5.3,146030,tt0257106,,0,0,0,0,0
Schindler's List,War,1993,R,2/4/1994,195,94,8.9,1171229,tt0108052,,0,0,2,5,0
Scott Pilgrim vs. the World,Fantasy,2010,PG-13,8/13/2010,112,69,7.5,364263,tt0446029,31494270,21,8,1,12,3
Scream,Mystery,1996,R,12/20/1996,111,65,7.2,276236,tt0117571,,6,4,5,23,23
Scream 2,Mystery,1997,R,12/12/1997,120,63,6.2,152234,tt0120082,,6,5,1,7,23
Scream 3,Mystery,2000,R,2/4/2000,116,56,5.6,120066,tt0134084,,6,2,10,34,29
Se7en,Mystery,1995,R,9/22/1995,127,65,8.6,1386280,tt0114369,,1,3,6,49,7
Semi-Pro,Comedy,2008,R,2/29/2008,91,47,5.8,77000,tt0839980,33370443,17,3,8,24,28
Sense and Sensibility,Romance,1995,PG,1/26/1996,136,84,7.6,98350,tt0114388,,0,1,0,0,0
Serenity,Sci-Fi,2005,PG-13,9/30/2005,119,74,7.8,278632,tt0379786,25335935,4,0,3,1,2
Serial Mom,Horror,1994,R,4/13/1994,95,64,6.8,26154,tt0111127,,2,3,8,9,4
Sex and the City,Romance,2008,R,5/30/2008,145,53,5.6,113892,tt1000774,152595674,4,1,1,7,6
Sexual Life,Comedy,2004,R,6/19/2004,96,,5,900,tt0376874,,5,1,2,10,7
Shakespeare in Love,Romance,1998,R,1/8/1999,123,87,7.1,209610,tt0138097,,0,0,2,0,1
Shallow Grave,Crime,1994,R,2/10/1995,89,67,7.3,55486,tt0111149,,0,0,0,5,1
Shame,Drama,2011,NC-17,1/13/2012,101,72,7.2,178488,tt1723811,2971782,10,1,0,68,6
Shampoo,Drama,1975,R,3/13/1975,109,65,6.3,10200,tt0073692,,6,5,5,32,17
Sherlock Holmes,Mystery,2009,PG-13,12/25/2009,128,57,7.6,570347,tt0988045,208711166,0,0,0,1,2
She's Out of My League,Romance,2010,R,3/12/2010,104,46,6.4,123849,tt0815236,28712974,12,7,7,45,39
Shifty,Thriller,2008,Unrated,4/24/2009,85,,6.5,2826,tt1104126,,0,0,0,176,14
Shivers,Horror,1975,R,7/6/1976,87,58,6.5,17029,tt0073705,,0,0,1,0,0
Shrek,Animation,2001,PG,5/18/2001,90,84,7.8,596311,tt0126029,266982666,2,0,2,0,0
Shrek the Third,Animation,2007,PG,5/18/2007,93,58,6.1,272550,tt0413267,320706665,0,0,0,0,0
Sicario,Crime,2015,R,10/2/2015,121,82,7.6,356809,tt3397884,,4,1,2,32,9
Sideways,Adventure,2004,R,1/21/2005,127,94,7.5,175791,tt0375063,71444367,6,2,6,80,16
Signs,Horror,2002,PG-13,8/2/2002,106,59,6.7,329663,tt0286106,227935522,3,1,2,0,1
Silence of the Lambs,Horror,2002,N/A,5/7/2002,,,7.8,11,tt2665218,,2,5,7,11,8
Silver Bullet,Horror,1985,R,10/11/1985,95,26,6.4,22891,tt0090021,,5,1,8,8,14
Silver Linings Playbook,Romance,2012,R,12/25/2012,122,81,7.7,647342,tt1045658,132088910,4,0,5,75,24
Simone,Sci-Fi,2013,Not Rated,6/24/2013,72,,6,46,tt2916440,,0,3,5,0,2
Single White Female,Thriller,1992,R,8/14/1992,107,63,6.4,31211,tt0105414,,1,3,1,6,4
Six Degrees of Separation,Mystery,1993,R,12/8/1993,112,72,6.8,19325,tt0108149,,1,1,2,13,3
Sleepless in Seattle,Romance,1993,PG,6/25/1993,105,72,6.8,153813,tt0108160,,0,0,0,2,2
Sleepy Hollow,Mystery,1999,R,11/19/1999,105,65,7.3,320922,tt0162661,,1,2,10,0,0
Sling Blade,Drama,1996,R,3/14/1997,135,84,8,85323,tt0117666,,10,7,17,17,11
Slither,Horror,2006,R,3/31/2006,95,69,6.4,72340,tt0439815,7774730,4,3,15,25,18
Slumdog Millionaire,Romance,2008,R,12/25/2008,120,84,8,781199,tt1010048,141243551,0,0,1,2,11
Smashed,Comedy,2012,R,12/14/2012,81,71,6.8,16181,tt2063781,375981,5,7,4,40,17
Smokin' Aces,Crime,2006,R,1/26/2007,108,45,6.7,135631,tt0475394,35600000,17,10,13,65,53
Snatch,Crime,2000,R,1/19/2001,102,55,8.3,760412,tt0208092,30093107,1,0,0,155,9
Snow Falling on Cedars,Drama,1999,PG-13,1/7/2000,127,44,6.7,13473,tt0120834,,2,4,3,5,1
Snow White and the Huntsman,Adventure,2012,PG-13,6/1/2012,127,57,6.1,267818,tt1735898,155081785,1,0,2,0,0
So I Married an Axe Murderer,Romance,1993,PG-13,7/30/1993,93,,6.4,32534,tt0108174,,9,4,2,2,7
Solaris,Sci-Fi,2002,PG-13,11/27/2002,99,65,6.2,77794,tt0307479,14780776,0,0,1,12,1
Soldier,Sci-Fi,1998,R,10/23/1998,99,,6,50772,tt0120157,,10,1,4,4,8
Someone to Watch Over Me,Crime,1987,R,10/9/1987,106,55,6.1,9057,tt0094008,,12,1,8,34,9
Something's Gotta Give,Romance,2003,PG-13,12/12/2003,128,66,6.7,109002,tt0337741,121400000,5,2,2,7,5
Source Code,Mystery,2011,PG-13,4/1/2011,93,74,7.5,473918,tt0945513,54696902,3,1,5,10,6
Space Milkshake,Sci-Fi,2012,Not Rated,2/15/2013,85,,6,1377,tt1954843,,1,2,3,1,1
Spanglish,Romance,2004,PG-13,12/17/2004,131,48,6.4,76974,tt0371246,42044321,3,0,10,3,2
Spare Me,Thriller,1994,N/A,9/3/1994,,,6.7,27,tt0108200,,2,1,0,15,3
Spartan,Crime,2004,R,3/12/2004,106,60,6.5,28734,tt0360009,4291858,1,6,0,32,2
Speed Racer,Family,2008,PG,5/9/2008,135,37,6,67391,tt0811080,43929341,6,0,1,0,0
Sphere,Sci-Fi,1998,PG-13,2/13/1998,134,35,6.1,97311,tt0120184,,1,1,13,18,20
Spider-Man,Sci-Fi,2002,PG-13,5/3/2002,121,73,7.3,671651,tt0145487,403706375,2,0,10,0,1
St. Elmo's Fire,Romance,1985,R,6/28/1985,110,35,6.4,34515,tt0090060,,3,1,5,12,16
Star Trek,Sci-Fi,2009,PG-13,5/8/2009,127,82,7.9,569689,tt0796366,257704099,5,0,16,29,6
Star Trek: First Contact,Sci-Fi,1996,PG-13,11/22/1996,111,71,7.6,115453,tt0117731,,0,0,0,0,0
Star Trek: Generations,Sci-Fi,1994,PG,11/18/1994,118,55,6.6,74325,tt0111280,,0,0,0,0,0
Star Trek II: The Wrath of Khan,Sci-Fi,1982,PG,6/4/1982,113,67,7.7,110150,tt0084726,,0,0,0,0,0
Star Trek: Nemesis,Sci-Fi,2002,PG-13,12/13/2002,116,51,6.4,71988,tt0253754,43056895,1,0,3,0,0
Star Trek: The Motion Picture,Sci-Fi,1979,G,12/8/1979,132,48,6.4,79288,tt0079945,,0,0,3,0,0
Starman,Sci-Fi,1984,PG,12/14/1984,115,70,7,41128,tt0088172,,3,1,9,0,10
Starship Troopers,Sci-Fi,1997,R,11/7/1997,129,51,7.2,261834,tt0120201,,2,3,0,0,0
State and Main,Comedy,2000,R,1/12/2001,105,75,6.7,20113,tt0120202,5770800,4,3,3,6,3
Station West,Western,1948,Approved,9/1/1948,97,,6.6,882,tt0040835,,0,0,0,0,0
Stepmom,Comedy,1998,PG-13,12/25/1998,125,58,6.8,58507,tt0120686,,3,2,10,13,9
Stir of Echoes,Mystery,1999,R,9/10/1999,99,67,7,72713,tt0164181,,8,3,3,22,13
Storytelling,Comedy,2001,R,11/8/2001,87,50,6.8,16848,tt0250081,850758,2,2,1,19,6
Straight Outta Compton,Drama,2015,R,8/14/2015,147,72,7.9,175063,tt1398426,129402415,40,9,22,161,159
Strange Days,Mystery,1995,R,10/13/1995,145,66,7.2,65550,tt0114558,,10,6,17,47,30
Strangers on a Train,Film-Noir,1951,PG,6/30/1951,101,88,8,119936,tt0044079,,0,0,0,0,0
Sugar,Drama,2008,R,4/24/2009,114,82,7.2,4503,tt0990413,1037595,2,0,3,8,15
Sugar and Spice,Comedy,1989,N/A,4/6/1989,25,,8.1,23,tt0363379,,17,6,5,9,28
Sunset Blvd.,Film-Noir,1950,Passed,9/29/1950,110,,8.4,193512,tt0043014,,0,0,0,0,0
Sunshine Cleaning,Comedy,2008,R,4/17/2009,91,61,6.8,68621,tt0862846,12033702,4,0,7,15,21
Super 8,Mystery,2011,PG-13,6/10/2011,112,72,7,332405,tt1650062,126975169,5,2,5,8,17
Superbad,Comedy,2007,R,8/17/2007,113,76,7.6,508694,tt0829482,121463226,28,16,4,123,71
Supergirl,Sci-Fi,2015,TV-PG,10/26/2015,43,,6.3,106927,tt4016454,,1,1,0,0,0
Surrogates,Sci-Fi,2009,PG-13,9/25/2009,89,45,6.3,167007,tt0986263,38542418,7,2,8,0,2
Suspect Zero,Horror,2004,R,8/27/2004,99,37,5.8,18572,tt0324127,8570393,4,0,3,31,13
Sweet Smell of Success,Film-Noir,1957,Approved,7/4/1957,96,100,8.1,26523,tt0051036,,0,0,0,0,0
Swingers,Comedy,1996,R,4/11/1997,96,71,7.2,73586,tt0117802,,19,26,3,26,25
Swordfish,Thriller,2001,R,6/8/2001,99,32,6.5,173365,tt0244244,,11,2,2,29,18
Syriana,Thriller,2005,R,12/9/2005,128,76,6.9,123836,tt0365737,50800000,4,0,8,19,12
Take Shelter,Thriller,2011,R,11/10/2011,120,85,7.4,88699,tt1675192,1600000,1,2,1,4,10
Taking Lives,Horror,2004,R,3/19/2004,103,38,6.3,78540,tt0364045,32634479,7,2,3,8,11
Taking Sides,Drama,2001,Not Rated,3/7/2002,108,61,7.2,2993,tt0260414,,0,0,3,8,6
Tall in the Saddle,Western,1944,Approved,9/29/1944,87,,7,2719,tt0037343,,0,0,0,0,0
Tamara Drewe,Romance,2010,R,9/10/2010,107,64,6.2,20168,tt1486190,560101,2,2,3,42,15
Taxi Driver,Crime,1976,R,2/9/1976,114,94,8.3,695384,tt0075314,,5,2,11,23,8
Ted,Fantasy,2012,R,6/29/2012,106,62,6.9,559475,tt1637725,218100000,18,1,1,73,45
Terminator,Sci-Fi,1991,N/A,N/A,39,,6.1,27,tt5817168,,3,1,4,9,4
Terminator Salvation,Sci-Fi,2009,PG-13,5/21/2009,115,49,6.5,337037,tt0438488,125286889,3,1,7,2,6
The Rage: Carrie 2,Horror,1999,R,3/12/1999,104,42,4.7,15199,tt0144814,,3,5,4,6,11
Thelma & Louise,Crime,1991,R,5/24/1991,130,88,7.5,131689,tt0103074,,15,6,38,18,44
There's Something About Mary,Romance,1998,R,7/15/1998,119,69,7.1,284946,tt0129387,,9,6,6,60,29
They,Horror,2002,PG-13,11/27/2002,89,31,4.8,12153,tt0283632,12575046,0,0,0,0,0
Thirteen Days,Drama,2000,PG-13,1/12/2001,145,67,7.3,52749,tt0146309,,11,3,16,8,16
This Boy's Life,Drama,1993,R,4/23/1993,115,60,7.3,45100,tt0108330,,6,3,13,12,10
This Is 40,Comedy,2012,R,12/21/2012,134,59,6.2,124171,tt1758830,65200000,14,8,6,63,17
Thor,Fantasy,2011,PG-13,5/6/2011,115,57,7,725928,tt0800369,181015141,1,0,2,0,0
Thor: Ragnarok,Adventure,2017,PG-13,11/3/2017,130,74,7.9,555646,tt3501632,314971245,6,1,2,0,3
Three Kings,War,1999,R,10/1/1999,114,82,7.1,157590,tt0120188,,14,1,10,43,28
Three Men and a Baby,Family,1987,PG,11/25/1987,102,61,6,46024,tt0094137,,30,9,29,11,39
Thunderbirds,Adventure,2004,PG,7/30/2004,95,36,4.2,12891,tt0167456,6768055,1,0,2,0,0
Thunderheart,Mystery,1992,R,4/3/1992,119,,6.8,13569,tt0105585,,11,2,11,37,26
Ticker,Crime,2001,R,6/23/2001,92,,3.6,6489,tt0196158,,1,2,2,15,11
Timber Falls,Horror,2007,R,5/23/2008,100,,5.2,5721,tt0857295,,5,5,6,34,7
Tin Cup,Romance,1996,R,8/16/1996,135,60,6.4,45017,tt0117918,,23,2,14,15,25
Tin Men,Comedy,1987,R,3/13/1987,112,75,6.5,7527,tt0094155,,15,15,17,27,15
Tinker Tailor Soldier Spy,Mystery,2011,R,1/6/2012,122,85,7.1,182286,tt1340800,20200000,0,0,10,9,0
Titanic,Romance,1997,PG-13,12/19/1997,194,75,7.8,1015018,tt0120338,,1,2,17,2,10
TMNT,Animation,2007,PG,3/23/2007,103,41,6.2,60242,tt0453556,54132596,4,0,0,0,0
To Sleep with Anger,Drama,1990,PG,10/12/1990,102,,7.3,1640,tt0100791,,4,0,11,0,0
Tombstone,Western,1993,R,12/25/1993,130,50,7.8,122147,tt0108358,,4,5,27,1,1
Tomorrow Never Dies,Adventure,1997,PG-13,12/19/1997,119,52,6.5,176993,tt0120347,,1,0,7,0,0
Top Gun,Drama,1986,PG,5/16/1986,110,50,6.9,283087,tt0092099,,3,6,14,0,11
Total Recall,Sci-Fi,1990,R,6/1/1990,113,57,7.5,291951,tt0100802,119000000,0,1,0,2,4
Toy Story,Animation,1995,G,11/22/1995,81,95,8.3,857038,tt0114709,,0,0,0,0,0
Traffic,Crime,2000,R,1/5/2001,147,86,7.6,192068,tt0181865,123836420,1,0,3,48,17
Training Day,Thriller,2001,R,10/5/2001,122,69,7.7,378654,tt0139654,,44,11,6,121,104
Trainspotting,Drama,1996,R,8/9/1996,93,83,8.1,619568,tt0117951,,0,0,0,104,5
Tremors,Horror,1990,PG-13,1/19/1990,96,65,7.1,116480,tt0100814,,20,12,48,9,8
Tristan and Isolde,Romance,1981,N/A,1/15/1982,84,,6.6,71,tt0089146,,0,0,0,0,0
TRON,Sci-Fi,1982,PG,7/9/1982,96,58,6.8,110680,tt0084827,,0,0,2,0,0
TRON: Legacy,Sci-Fi,2010,PG,12/17/2010,125,49,6.8,307359,tt1104001,172051787,0,0,2,0,0
Tropic Thunder,War,2008,R,8/13/2008,107,71,7,369925,tt0942385,110416702,15,5,2,25,23
True Grit,Western,2010,PG-13,12/22/2010,110,80,7.6,301962,tt1403865,171031347,1,3,9,0,0
True Lies,Romance,1994,R,7/15/1994,141,63,7.2,231028,tt0111503,,2,14,10,3,17
True Romance,Romance,1993,R,9/10/1993,119,59,7.9,199873,tt0108399,,0,0,0,0,0
Twilight,Romance,2008,PG-13,11/21/2008,122,56,5.2,412755,tt1099212,191449475,1,0,0,0,0
Twin Peaks,Mystery,1990,TV-MA,4/8/1990,47,,8.8,167193,tt0098936,,1,0,6,3,5
Twins,Sci-Fi,1988,PG,12/9/1988,107,53,6.1,109641,tt0096320,,3,1,4,1,19
Two for the Money,Thriller,2005,R,10/7/2005,122,50,6.3,42584,tt0417217,22862049,16,6,12,104,22
U Turn,Thriller,1997,R,10/3/1997,125,54,6.8,48185,tt0120399,,17,15,23,63,27
Unbreakable,Fantasy,2000,PG-13,11/22/2000,106,62,7.3,377826,tt0217869,95000000,3,1,2,1,4
Under Fire,Drama,1983,R,10/21/1983,128,,7,6556,tt0086510,,4,2,7,29,4
Unknown,Mystery,2011,PG-13,2/18/2011,113,56,6.8,243834,tt1401152,63677735,0,2,3,2,2
Up,Animation,2009,PG,5/29/2009,96,88,8.2,904824,tt1049413,292979556,0,0,0,0,0
Up in the Air,Romance,2009,R,12/23/2009,109,83,7.4,312450,tt1193138,83775048,8,0,0,28,10
V for Vendetta,Sci-Fi,2005,R,3/17/2006,132,62,8.2,1002654,tt0434409,70500000,1,1,11,8,2
Valkyrie,War,2008,PG-13,12/25/2008,121,56,7.1,223731,tt0985699,82989109,0,1,5,5,4
Vanilla Sky,Mystery,2001,R,12/14/2001,136,45,6.9,242934,tt0259711,,2,2,0,33,7
Very Bad Things,Thriller,1998,R,11/25/1998,100,31,6.4,44249,tt0124198,,8,2,6,66,11
Virtuosity,Sci-Fi,1995,R,8/4/1995,106,39,5.6,27248,tt0114857,,8,8,2,7,7
Wag the Dog,Comedy,1997,R,1/9/1998,97,73,7.2,77317,tt0120885,,1,0,2,8,5
Walking Tall,Thriller,2004,PG-13,4/2/2004,86,44,6.3,69155,tt0351977,45860039,3,1,0,1,1
Wall Street,Crime,1987,R,12/11/1987,126,56,7.4,139830,tt0094291,,7,10,10,3,6
Wall Street: Money Never Sleeps,Drama,2010,PG-13,9/24/2010,133,59,6.2,96388,tt1027718,52474616,6,3,3,35,12
Wanted,Crime,2008,R,6/27/2008,110,64,6.7,353077,tt0493464,134294280,10,5,17,23,14
War for the Planet of the Apes,Adventure,2017,PG-13,7/14/2017,140,82,7.4,220013,tt3450958,146872826,0,0,0,1,1
War Horse,War,2011,PG-13,12/25/2011,146,72,7.2,143515,tt1568911,79883359,0,0,1,0,0
War of the Worlds,Sci-Fi,2005,PG-13,6/29/2005,116,73,6.5,405645,tt0407304,234141872,2,0,3,0,6
Warm Springs,Drama,2005,Not Rated,4/30/2005,121,,7.5,2473,tt0423510,,0,3,13,0,0
Warrior,Drama,2011,PG-13,9/9/2011,140,71,8.2,423944,tt1291584,13600000,1,3,3,1,14
Watchmen,Sci-Fi,2009,R,3/6/2009,162,56,7.6,487586,tt0409459,107453620,3,3,12,0,6
Water for Elephants,Romance,2011,PG-13,4/22/2011,120,52,6.9,109237,tt1067583,58700247,3,1,9,1,7
We Own the Night,Crime,2007,R,10/12/2007,117,59,6.8,83351,tt0498399,27600000,5,1,5,65,15
What About Bob?,Comedy,1991,PG,5/17/1991,99,60,7,60767,tt0103241,,6,4,1,0,3
What Lies Beneath,Mystery,2000,PG-13,7/21/2000,130,51,6.6,115116,tt0161081,155018556,3,3,1,4,3
When a Stranger Calls,Horror,2006,PG-13,2/3/2006,87,27,5.1,42023,tt0455857,47860214,0,0,3,1,0
While She Was Out,Crime,2008,R,3/26/2009,86,40,4.8,6285,tt0887971,,12,12,4,5,12
White Squall,Adventure,1996,PG-13,2/2/1996,129,53,6.6,20658,tt0118158,,1,7,8,6,9
Whiteout,Mystery,2009,R,9/11/2009,101,,5.5,36710,tt0365929,10300000,4,4,7,3,7
Who Framed Roger Rabbit,Family,1988,PG,6/22/1988,104,83,7.7,177122,tt0096438,,1,2,6,0,1
Who's Your Daddy?,Comedy,2002,R,1/20/2004,105,,4.7,4295,tt0287138,,6,0,1,3,4
Wild at Heart,Romance,1990,R,8/17/1990,125,52,7.2,80227,tt0100935,,7,4,9,38,20
Wild Hogs,Adventure,2007,PG-13,3/2/2007,100,27,5.8,112516,tt0486946,168213584,20,8,9,0,12
Wild Things,Crime,1998,R,3/20/1998,108,52,6.5,105203,tt0120890,,9,6,4,22,27
Wild Things: Diamonds in the Rough,Mystery,2005,R,2/19/2005,87,,4.5,4528,tt0448179,,5,10,10,16,14
Wild Wild West,Western,1999,PG-13,6/30/1999,106,38,4.9,150148,tt0120891,,9,0,11,1,5
Willow,Fantasy,1988,PG,5/20/1988,126,47,7.3,98271,tt0096446,,0,0,0,0,0
Win Win,Comedy,2011,R,4/15/2011,106,75,7.1,52319,tt1606392,10100000,3,0,3,19,32
Wind Chill,Horror,2007,R,8/3/2007,91,52,5.8,21423,tt0486051,,7,0,4,1,10
Witness,Romance,1985,R,2/8/1985,112,76,7.4,83584,tt0090329,,1,2,6,3,6
Wonder Boys,Comedy,2000,R,2/25/2000,107,73,7.3,60120,tt0185014,,3,1,6,14,14
Wonder Woman,Fantasy,2017,PG-13,6/2/2017,141,76,7.4,531221,tt0451279,412400625,0,0,0,0,0
X-Men,Sci-Fi,2000,PG-13,7/14/2000,104,64,7.4,559246,tt0120903,156164829,1,0,1,0,0
X-Men Origins: Wolverine,Sci-Fi,2009,PG-13,5/1/2009,107,40,6.6,457050,tt0458525,179737340,2,1,6,0,0
xXx,Adventure,2002,PG-13,8/9/2002,124,48,5.9,171012,tt0295701,141134092,11,6,8,0,19
Year One,Adventure,2009,PG-13,6/19/2009,97,34,4.9,90154,tt1045778,43337279,9,0,2,1,5
Yes Man,Romance,2008,PG-13,12/19/2008,104,46,6.8,327362,tt1068680,97600000,2,3,2,2,10
You Can Count on Me,Drama,2000,R,12/22/2000,111,85,7.5,27273,tt0203230,8409329,4,1,4,15,16
Youth in Revolt,Romance,2009,R,1/8/2010,90,63,6.4,71723,tt0403702,15150933,7,0,5,5,5
You've Got Mail,Romance,1998,PG,12/18/1998,119,57,6.6,188515,tt0128853,,1,1,2,4,5
Zero Dark Thirty,Thriller,2012,R,1/11/2013,157,95,7.4,264319,tt1790885,95720716,4,1,1,45,7
Zerophilia,Romance,2005,N/A,10/13/2006,90,41,6.2,2176,tt0421090,,8,3,7,15,5
Zootopia,Animation,2016,PG,3/4/2016,108,78,8,416353,tt2948356,341264012,0,0,0,0,0
28 Days Later,Horror,2002,R,6/27/2003,113,73,7.6,367331,tt0289043,44900469,0,0,0,48,12
8MM,Mystery,1999,R,2/26/1999,123,19,6.5,120927,tt0134273,,2,1,1,52,8
A Dry White Season,Thriller,1989,R,9/20/1989,106,68,7,4806,tt0097243,,0,0,4,3,7
A Few Good Men,Mystery,1992,R,12/11/1992,138,62,7.7,227719,tt0104257,,5,1,10,13,14
A Nightmare on Elm Street,Mystery,1984,R,11/16/1984,91,76,7.5,198579,tt0087800,,4,0,8,11,8
A Perfect World,Crime,1993,PG-13,11/24/1993,138,71,7.6,71562,tt0107808,,9,3,13,2,12
A Quiet Place,Horror,2018,PG-13,4/6/2018,90,82,7.5,383773,tt6644200,,0,0,0,0,0
A Walk to Remember,Romance,2002,PG,1/25/2002,101,35,7.4,195121,tt0281358,41090572,1,0,0,0,5
Above the Law,Action,1988,R,4/22/1988,99,45,6,27778,tt0094602,,16,2,5,29,10
After.Life,Horror,2009,R,8/26/2010,104,36,5.9,35655,tt0838247,,0,1,0,19,6
Agnes of God,Mystery,1985,PG-13,9/27/1985,98,52,6.6,6581,tt0088683,,0,1,1,0,2
Aladdin,Musical,1992,G,11/25/1992,90,86,8,359318,tt0103639,,0,0,0,0,0
Alien,Horror,1979,R,6/22/1979,117,89,8.4,759818,tt0078748,,0,0,11,1,5
Alien 3,Horror,1992,R,5/22/1992,114,59,6.5,269549,tt0103644,,1,0,3,6,7
Alien vs. Predator,Horror,2004,PG-13,8/13/2004,101,29,5.6,180405,tt0370263,80218314,3,3,6,15,16
Alien: Resurrection,Horror,1997,R,11/26/1997,109,63,6.2,222700,tt0118583,,7,6,8,88,13
Alone in the Dark,Horror,2005,R,1/28/2005,96,9,2.4,41244,tt0369226,5132655,3,0,5,1,1
American Outlaws,Western,2001,PG-13,8/17/2001,94,25,6,13678,tt0244000,11888985,1,3,9,0,2
American Psycho,Horror,2000,R,4/14/2000,101,64,7.6,466451,tt0144084,,7,11,3,37,5
American Werewolf in London,Horror,1981,R,8/21/1981,97,60,7.5,88546,tt0082010,,4,0,1,9,7
Anastasia,Musical,1997,G,11/21/1997,94,61,7.2,108544,tt0118617,,0,0,0,0,0
Angels & Demons,Mystery,2009,PG-13,5/15/2009,138,48,6.7,266342,tt0808151,133375846,1,0,5,0,1
Apocalypse Now,War,1979,R,8/15/1979,147,94,8.4,585151,tt0078788,,4,10,25,24,16
April Fool's Day,Mystery,1986,R,3/28/1986,89,49,6.2,13633,tt0090655,,5,1,3,16,14
Army of Darkness,Horror,1992,R,2/19/1993,81,57,7.5,158476,tt0106308,,2,1,6,0,2
Backdraft,Mystery,1991,R,5/24/1991,137,38,6.7,69563,tt0101393,,13,13,34,32,28
Bad Day at Black Rock,Western,1955,Passed,5/15/1955,81,,7.7,18452,tt0047849,,0,0,0,0,0
Bad Dreams,Horror,1988,R,4/8/1988,80,,5.7,3196,tt0094701,,3,0,11,16,20
Barry Lyndon,War,1975,PG,12/18/1975,185,89,8.1,143450,tt0072684,,0,0,0,0,0
Basic,Mystery,2003,R,3/28/2003,98,34,6.5,58076,tt0264395,26536120,6,3,4,58,15
Basic Instinct,Mystery,1992,R,3/20/1992,127,41,7,166838,tt0103772,,3,5,13,31,4
Beasts of No Nation,War,2015,Not Rated,10/16/2015,137,79,7.7,70500,tt1365050,83861,1,0,0,2,0
Beauty and the Beast,Musical,1991,G,11/22/1991,84,95,8,408312,tt0101414,47611331,0,0,1,0,0
Black Swan,Mystery,2010,R,12/17/2010,108,79,8,681983,tt0947798,106952327,2,0,1,19,1
Blade,Horror,1998,R,8/21/1998,120,45,7.1,238183,tt0120611,,3,0,5,10,4
Blade II,Horror,2002,R,3/22/2002,117,52,6.7,195387,tt0187738,82000000,5,4,2,39,16
Blade: Trinity,Horror,2004,R,12/8/2004,113,38,5.9,162323,tt0359013,52400000,11,1,7,20,7
Blue Velvet,Mystery,1986,R,10/23/1986,120,76,7.8,174951,tt0090756,,1,3,3,39,11
Bonfire of the Vanities,Drama,1990,R,12/21/1990,125,27,5.6,21098,tt0099165,,8,7,4,31,19
Braveheart,War,1995,R,5/24/1995,178,68,8.3,936584,tt0112573,,4,1,3,0,0
Brick,Mystery,2005,R,4/14/2006,110,72,7.3,99286,tt0393109,1973180,0,0,2,0,0
Buried,Mystery,2010,R,10/15/2010,95,65,7,146090,tt1462758,200000,1,2,2,10,9
Burlesque,Musical,2010,PG-13,11/24/2010,119,47,6.4,76136,tt1126591,39440655,20,9,24,0,20
Cable Guy,Thriller,1996,PG-13,6/14/1996,96,56,6.1,148526,tt0115798,,5,3,6,0,4
Carrie,Horror,1976,R,11/16/1976,98,85,7.4,161967,tt0074285,,2,1,8,4,14
Case 39,Mystery,2009,R,10/1/2010,109,25,6.2,75799,tt0795351,13248477,0,0,3,1,5
Cellular,Mystery,2004,PG-13,9/10/2004,94,60,6.5,91152,tt0337921,32003620,20,7,28,2,29
Changeling,Mystery,2008,R,10/31/2008,141,63,7.7,232041,tt0824747,35707327,1,1,6,4,4
Charade,Mystery,1963,Passed,12/5/1963,113,83,7.9,65288,tt0056923,,0,0,1,0,0
Chasing Sleep,Horror,2000,R,5/16/2001,104,,6.3,3086,tt0221069,,2,5,8,10,6
Cherry Falls,Mystery,2000,R,8/25/2000,92,,5.2,11902,tt0175526,,2,0,4,33,8
Chinatown,Mystery,1974,R,6/20/1974,130,92,8.2,283470,tt0071315,,4,8,2,1,6
Citizen Kane,Mystery,1941,PG,9/5/1941,119,100,8.3,386432,tt0033467,,0,0,0,0,0
Color of Night,Mystery,1994,R,8/19/1994,121,36,5.2,22268,tt0109456,,7,7,13,55,19
Constantine,Horror,2005,R,2/18/2005,121,50,7,296249,tt0360486,75400000,6,2,10,2,19
Copycat,Mystery,1995,R,10/27/1995,123,54,6.6,52422,tt0112722,,8,11,18,13,10
Crying Game,Romance,1992,R,2/19/1993,112,90,7.2,49460,tt0104036,,2,7,0,71,3
Cube,Mystery,1997,R,7/11/1998,90,61,7.2,204667,tt0123755,,0,0,0,0,0
Dances with Wolves,Western,1990,PG-13,11/21/1990,181,72,8,233089,tt0099348,,3,2,5,0,0
Dark City,Mystery,1998,R,2/27/1998,100,66,7.6,184177,tt0118929,,0,0,6,1,5
Dawn of the Dead,Horror,2004,R,3/19/2004,101,59,7.3,229043,tt0363547,58885635,0,0,0,0,0
Day of the Dead,Horror,1985,Not Rated,7/19/1985,96,60,7.2,61352,tt0088993,,12,1,8,2,14
Deception,Mystery,2008,R,4/25/2008,107,31,6.1,37150,tt0800240,4575019,1,0,7,6,4
Deep Rising,Horror,1998,R,1/30/1998,106,,6.1,32461,tt0118956,,10,4,11,4,25
Detroit Rock City,Musical,1999,R,8/13/1999,95,33,6.9,34659,tt0165710,,30,7,6,41,30
Devil in a Blue Dress,Mystery,1995,R,9/29/1995,102,78,6.7,16786,tt0112857,,8,6,24,5,11
Devil's Advocate,Horror,1997,R,10/17/1997,144,60,7.5,318388,tt0118971,,10,3,9,47,16
Django Unchained,Western,2012,R,12/25/2012,165,81,8.4,1303854,tt1853728,162804648,52,16,43,41,15
Drag Me to Hell,Horror,2009,PG-13,5/29/2009,99,83,6.5,184194,tt1127180,42100000,1,3,4,3,0
Duck Soup,Musical,1933,Not Rated,11/17/1933,69,93,7.8,54091,tt0023969,,0,0,0,0,0
E.T.,Sci-Fi,1982,PG,6/11/1982,115,91,7.8,358478,tt0083866,,0,0,0,0,1
Eagle Eye,Mystery,2008,PG-13,9/26/2008,118,43,6.6,172786,tt1059786,101111837,6,3,5,21,35
Eastern Promises,Mystery,2007,R,9/21/2007,100,82,7.6,222848,tt0765443,17114882,0,6,1,37,1
Eight Legged Freaks,Horror,2002,PG-13,7/17/2002,99,53,5.4,51748,tt0271367,17231006,0,1,5,1,3
El Mariachi,Western,1992,R,2/26/1993,81,73,6.9,61839,tt0104815,,1,0,1,0,0
El Mariachi,Western,1992,R,2/26/1993,81,73,6.9,61839,tt0104815,,0,0,0,0,0
Event Horizon,Horror,1997,R,8/15/1997,96,35,6.7,152722,tt0119081,,3,1,4,13,13
Evil Dead,Horror,2013,R,4/5/2013,91,57,6.5,153127,tt1288558,54200000,0,0,3,0,2
Ex Machina,Mystery,2014,R,4/24/2015,108,78,7.7,457451,tt0470752,19012798,0,0,2,29,6
Fantastic Mr Fox,Family,2009,N/A,10/24/2009,,,7.8,29,tt1531905,,0,0,0,0,0
Feast,Horror,2005,R,1/18/2007,95,43,6.3,29126,tt0426459,,10,4,15,27,23
Final Destination,Horror,2000,R,3/17/2000,98,36,6.7,222992,tt0195714,,2,0,0,34,8
Final Destination 2,Horror,2003,R,1/31/2003,90,38,6.2,148464,tt0309593,46500000,5,3,14,26,19
Four Feathers,War,1915,N/A,5/24/2015,,,7.3,23,tt0005353,,0,0,0,0,0
Frankenstein,Horror,1931,Passed,11/21/1931,70,91,7.8,62808,tt0021884,,2,0,6,0,1
Freddy vs. Jason,Horror,2003,R,8/15/2003,97,37,5.7,107876,tt0329101,82200000,7,32,10,6,7
Friday the 13th,Mystery,1980,R,5/9/1980,95,22,6.5,113868,tt0080761,,1,0,4,2,4
Friday the 13th Part VIII: Jason Takes Manhattan,Horror,1989,R,7/28/1989,100,14,4.6,32248,tt0097388,,2,2,3,6,6
Fright Night,Horror,2011,R,8/19/2011,106,64,6.3,97730,tt1438176,18298649,2,2,2,17,21
Get Low,Mystery,2009,PG-13,8/27/2010,103,77,7,21781,tt1194263,9176469,4,7,14,1,3
Get Out,Mystery,2017,R,2/24/2017,104,85,7.7,463872,tt5052448,175428355,4,2,9,31,33
Ghostbusters 2,Sci-Fi,2014,N/A,9/16/2014,17,,6.4,5,tt4083432,,0,0,1,0,2
Godfather Part II,Crime,1974,R,12/18/1974,202,90,9,1087543,tt0071562,,3,5,8,2,3
Gone Baby Gone,Mystery,2007,R,10/19/2007,114,72,7.6,243532,tt0452623,20300218,6,7,2,84,26
Gothika,Mystery,2003,R,11/21/2003,98,38,5.8,104043,tt0348836,59537388,1,2,11,15,6
Gremlins 2,Horror,1990,PG-13,6/15/1990,106,,6.4,89769,tt0099700,,1,0,2,0,1
Hanna,Mystery,2011,PG-13,4/8/2011,111,65,6.8,186310,tt0993842,40200000,0,1,0,8,7
Hellraiser: Deader,Mystery,2005,R,6/7/2005,88,,4.6,8665,tt0337636,,1,0,4,8,4
Honeydripper,Musical,2007,PG-13,5/9/2008,124,68,6.6,1856,tt0829193,,6,0,14,0,1
I Still Know What You Did Last Summer,Mystery,1998,R,11/13/1998,100,21,4.7,66809,tt0130018,,0,0,6,0,0
Inception,Mystery,2010,PG-13,7/16/2010,148,74,8.8,1980743,tt1375666,292568851,2,0,3,0,1
Interview with the Vampire,Horror,1994,R,11/11/1994,123,59,7.6,287024,tt0110148,,0,0,6,0,5
JFK,Mystery,1991,R,12/20/1991,189,72,8,137118,tt0102138,,6,16,28,50,17
Jimmy and Judy,Action,2006,R,2/5/2006,99,,6,1509,tt0425151,,15,9,7,108,35
Jurassic Park: The Lost World,Horror,1997,N/A,N/A,13,,7.1,52,tt0369690,,1,1,0,0,1
King Kong,Mystery,2005,PG-13,12/14/2005,187,81,7.2,382593,tt0360717,218100000,0,0,3,0,0
Klute,Mystery,1971,R,6/25/1971,114,81,7.1,21360,tt0067309,,0,3,3,0,0
L.A. Confidential,Mystery,1997,R,9/19/1997,138,90,8.2,517644,tt0119488,,4,0,6,38,13
La La Land,Musical,2016,PG-13,12/25/2016,128,94,8,481024,tt3783958,151058124,2,0,3,3,5
Labyrinth,Musical,1986,PG,6/27/1986,101,50,7.4,120325,tt0091369,,0,0,6,0,0
Les Miserables,Musical,1978,Not Rated,12/27/1978,150,,7.3,1526,tt0077936,,0,1,4,0,1
Limitless,Mystery,2011,PG-13,3/18/2011,105,59,7.4,516481,tt1219289,79230923,5,1,1,38,17
Lone Star,Mystery,1996,R,6/21/1996,135,78,7.4,27357,tt0116905,,4,4,15,6,6
Lord of the Rings: Return of the King,Fantasy,2003,Not Rated,12/12/2003,52,,6.5,290,tt0405185,,0,0,0,0,0
Lord of the Rings: The Two Towers,Fantasy,2002,PG-13,12/18/2002,179,87,8.7,1438266,tt0167261,339700000,0,0,0,0,0
Lost Highway,Mystery,1997,R,1/15/1997,134,52,7.6,126709,tt0116922,,2,2,3,13,6
Lost Horizon,Mystery,1937,Approved,9/1/1937,132,,7.7,11468,tt0029162,,0,0,0,0,0
Man in the Iron Mask,Adventure,1998,PG-13,3/13/1998,132,48,6.5,153059,tt0120744,,0,0,0,0,2
Manhattan Murder Mystery,Mystery,1993,PG,8/18/1993,104,,7.4,37757,tt0107507,,0,0,2,0,1
Mary Poppins,Musical,1964,G,6/18/1965,139,88,7.8,153025,tt0058331,,0,0,0,0,0
Master and Commander,Adventure,2003,PG-13,11/14/2003,138,81,7.4,196696,tt0311113,92100000,0,0,8,0,0
Meet Joe Black,Mystery,1998,PG-13,11/13/1998,178,43,7.2,208443,tt0119643,,4,2,8,4,7
Memento,Mystery,2000,R,5/25/2001,113,80,8.4,1090730,tt0209144,23844220,0,0,0,12,5
Minority Report,Mystery,2002,PG-13,6/21/2002,145,80,7.6,494169,tt0181689,132000000,0,0,0,0,0
Mirrors,Mystery,2008,R,8/15/2008,110,35,6.2,99967,tt0790686,30575158,1,0,6,6,4
Mission Impossible II,Mystery,2000,PG-13,5/24/2000,123,59,6.1,306087,tt0120755,,2,3,10,0,2
Moon,Mystery,2009,R,7/10/2009,97,67,7.9,327533,tt1182345,4785434,3,1,1,18,8
Mrs. Brown,Romance,1968,G,1/1/1968,110,,4.7,381,tt0063325,,0,0,1,0,3
Mulan,Musical,1998,G,6/19/1998,88,71,7.6,241518,tt0120762,,0,0,0,0,0
Mulholland Drive,Mystery,2001,R,10/19/2001,147,85,8,309245,tt0166924,7077663,1,1,4,0,1
Nashville,Musical,1975,R,7/1/1975,160,96,7.7,22811,tt0073440,,1,0,3,0,0
Newsies,Musical,1992,PG,4/10/1992,121,46,7,18094,tt0104990,,0,0,2,0,0
Nine,Musical,2009,PG-13,12/25/2009,118,49,5.8,41873,tt0875034,19628665,2,0,0,0,0
Omega Man,Sci-Fi,1971,PG,8/1/1971,98,56,6.5,28013,tt0067525,,0,0,0,0,0
Orphan,Mystery,2009,R,7/24/2009,123,42,6.9,186072,tt1148204,41472886,1,3,3,8,8
Pirates of the Caribbean,Adventure,2003,PG-13,7/9/2003,143,63,8,997584,tt0325980,305343252,0,0,5,0,0
Pokemon: Mewtwo Returns,Family,2000,Not Rated,12/4/2001,63,,6.5,3164,tt0304564,,0,0,0,0,0
Roughshod,Western,1949,PASSED,5/11/1949,88,,6.7,293,tt0041827,,0,0,0,0,0
Sister Act,Musical,1992,PG,5/29/1992,100,51,6.4,84843,tt0105417,139605150,4,3,6,1,0
Star Wars: The Force Awakens,Fantasy,2015,N/A,12/14/2015,108,,7.8,5,tt7768640,,0,0,2,0,0
Sweeney Todd: The Demon Barber of Fleet Street,Musical,2007,R,12/21/2007,116,83,7.3,335791,tt0408236,52900000,0,1,1,0,2
The Abyss,Sci-Fi,1989,PG-13,8/9/1989,171,62,7.6,158749,tt0096754,,5,9,18,0,15
The Addams Family,Horror,1991,PG-13,11/22/1991,99,57,6.9,125986,tt0101272,,0,0,3,0,0
The Adjustment Bureau,Sci-Fi,2011,PG-13,3/4/2011,106,60,7,237960,tt1385826,62453315,1,1,0,2,9
The American,Thriller,2010,R,9/1/2010,105,61,6.3,90090,tt1440728,35596227,0,3,1,8,6
The American President,Romance,1995,PG-13,11/17/1995,114,67,6.8,50337,tt0112346,,6,1,10,3,6
The Amityville Asylum,Horror,2013,N/A,6/3/2013,88,,2.6,1217,tt2216212,,0,5,5,37,11
The Anniversary Party,Drama,2001,R,6/29/2001,115,56,6.3,7903,tt0254099,2974308,2,3,13,65,18
The Apartment,Comedy,1960,Not Rated,9/16/1960,125,94,8.3,157267,tt0053604,,0,0,2,0,0
The Artist,Romance,2011,PG-13,1/20/2012,100,89,7.9,226087,tt1655442,44667095,1,0,1,0,0
The Assignment,Thriller,1997,R,9/26/1997,115,,6.9,8568,tt0118647,,10,7,3,44,23
The Avengers,Adventure,2012,PG-13,5/4/2012,143,69,8,1234641,tt0848228,623279547,0,0,2,1,0
The Bachelor Party,Drama,1957,Approved,4/10/1957,92,,6.9,547,tt0050156,,0,0,0,0,0
The Back-up Plan,Romance,2010,PG-13,4/23/2010,104,34,5.4,47608,tt1212436,37481242,15,2,1,17,11
The Battle of Algiers,War,1966,Not Rated,9/20/1967,121,96,8.1,50366,tt0058946,55908,0,1,0,0,1
The Battle of Shaker Heights,Romance,2003,PG-13,8/22/2003,79,33,6,4162,tt0357470,,2,2,5,19,7
The Beach,Thriller,2000,R,2/11/2000,119,43,6.7,218068,tt0163978,,0,0,0,0,0
The Believer,Drama,2001,R,8/23/2001,98,75,7.2,36011,tt0247199,,7,0,1,36,15
The Best Exotic Marigold Hotel,Drama,2011,PG-13,5/25/2012,124,62,7.2,88429,tt1412386,46377022,0,0,0,2,0
The Big Blue,Romance,1988,PG,8/19/1988,168,35,7.6,46901,tt0095250,80804,4,3,9,2,5
The Big Lebowski,Mystery,1998,R,3/6/1998,117,71,8.1,705424,tt0118715,,9,4,10,220,39
The Big Sick,Romance,2017,R,7/14/2017,120,86,7.5,116020,tt5462602,42824653,5,1,1,56,14
The Big White,Crime,2005,R,12/3/2005,100,31,6.4,13749,tt0402850,,3,2,2,21,7
The Birds,Horror,1963,PG-13,3/29/1963,119,90,7.7,165411,tt0056869,,0,0,4,0,0
The Black Dahlia,Mystery,2006,R,9/15/2006,121,49,5.6,70353,tt0387877,22518325,1,4,14,42,16
The Blind Side,Drama,2009,PG-13,11/20/2009,129,53,7.6,283809,tt0878804,255900000,11,5,2,0,0
The Bling Ring,Crime,2013,R,6/21/2013,90,66,5.6,81515,tt2132285,5500000,1,5,0,28,8
The Book of Eli,Western,2010,R,1/15/2010,118,53,6.9,286574,tt1037705,94800000,4,4,6,15,12
The Boondock Saints,Thriller,1999,R,11/19/1999,108,44,7.8,223806,tt0144117,,26,5,2,171,51
The Bounty Hunter,Romance,2010,PG-13,3/19/2010,110,22,5.6,118481,tt1038919,66700000,13,9,1,20,19
The Bourne Identity,Mystery,2002,PG-13,6/14/2002,119,68,7.9,496096,tt0258463,121500000,1,1,0,28,21
The Bourne Supremacy,Mystery,2004,PG-13,7/23/2004,108,73,7.7,424462,tt0372183,176049130,0,0,0,0,0
The Bourne Ultimatum,Mystery,2007,PG-13,8/3/2007,115,85,8,595365,tt0440963,227400000,0,0,2,1,5
The Box,Mystery,2009,PG-13,11/6/2009,115,47,5.6,87598,tt0362478,114882598,2,0,3,0,1
The Boxtrolls,Animation,2014,PG,9/26/2014,96,61,6.8,53196,tt0787474,52098992,0,0,0,0,0
The Breakfast Club,Drama,1985,R,2/15/1985,97,66,7.9,344110,tt0088847,,8,8,5,26,24
The Brothers Bloom,Romance,2008,PG-13,6/19/2009,114,55,6.8,48178,tt0844286,3479844,3,5,5,19,12
The Butterfly Effect,Fantasy,2004,R,1/23/2004,113,30,7.6,441949,tt0289879,57200000,12,2,7,41,23
The Cell,Horror,2000,R,8/18/2000,107,40,6.3,93234,tt0209958,,2,3,6,8,3
The Change-Up,Comedy,2011,R,8/5/2011,112,39,6.3,161706,tt1488555,37000000,6,5,0,130,35
The Cider House Rules,Romance,1999,PG-13,1/7/2000,126,75,7.4,90660,tt0124315,,2,0,5,0,2
The Cincinnati Kid,Drama,1965,TV-14,10/30/1965,102,67,7.3,14507,tt0059037,,1,3,6,0,0
The Cooler,Romance,2003,R,1/16/2004,101,69,6.9,31971,tt0318374,8179538,4,4,5,77,20
The Croods,Animation,2013,PG,3/22/2013,98,55,7.2,185548,tt0481499,187165546,0,0,0,0,0
The Crow,Horror,1994,R,5/13/1994,102,71,7.6,162523,tt0109506,,14,4,7,28,20
The Crow Salvation,Horror,2000,R,6/14/2000,102,,4.9,10584,tt0132910,,4,3,7,33,14
The Crow: City of Angels,Fantasy,1996,R,8/30/1996,84,,4.7,18798,tt0115986,,5,4,4,21,4
The Curious Case of Benjamin Button,Mystery,2008,PG-13,12/25/2008,166,70,7.8,572055,tt0421715,127490802,4,0,5,2,6
The Damned United,Drama,2009,R,3/27/2009,98,81,7.5,40449,tt1226271,315306,0,0,0,57,0
The Dark Knight Rises,Thriller,2012,PG-13,7/20/2012,164,78,8.4,1468104,tt1345836,448130642,4,4,1,0,0
The Day the Earth Stood Still,Sci-Fi,2008,PG-13,12/12/2008,104,40,5.5,160944,tt0970416,79136963,0,0,0,0,0
The Debt,Thriller,2010,R,8/31/2011,113,65,6.8,63017,tt1226753,31146570,1,0,0,26,3
The Deer Hunter,War,1978,R,2/23/1979,183,86,8.1,302090,tt0077416,,10,3,22,68,19
The Departed,Thriller,2006,R,10/6/2006,151,85,8.5,1150373,tt0407887,132300000,10,2,2,194,22
The Descendants,Comedy,2011,R,12/9/2011,115,84,7.3,229150,tt1033575,78500000,1,4,7,25,13
The Devil Wears Prada,Comedy,2006,PG-13,6/30/2006,109,62,6.9,359642,tt0458352,124700000,8,0,2,0,3
The Distinguished Gentleman,Comedy,1992,R,12/4/1992,112,45,5.9,14888,tt0104114,,20,3,10,12,24
The Doors,Drama,1991,R,3/1/1991,140,62,7.2,81677,tt0101761,,13,0,4,95,25
The Elephant Man,Drama,1980,PG,10/10/1980,124,78,8.1,212484,tt0080678,,0,0,2,0,0
The English Patient,Romance,1996,R,12/6/1996,162,87,7.4,174208,tt0116209,,0,1,0,9,0
The Fabulous Baker Boys,Romance,1989,R,10/13/1989,114,85,6.8,21091,tt0097322,,5,0,15,27,9
The Family Man,Romance,2000,PG-13,12/22/2000,125,42,6.8,100623,tt0218967,,2,2,17,1,6
The Fault in Our Stars,Romance,2014,PG-13,6/6/2014,126,69,7.7,334214,tt2582846,,5,0,2,3,8
The Fifth Element,Sci-Fi,1997,PG-13,5/9/1997,126,52,7.7,423303,tt0119116,,1,1,3,8,8
The Fighter,Drama,2010,R,12/17/2010,116,79,7.8,332259,tt0964517,93571803,9,2,1,51,20
The Flintstones,Family,1994,PG,5/27/1994,91,38,4.9,73956,tt0109813,,2,1,2,0,0
The French Connection,Thriller,1971,R,10/9/1971,104,94,7.7,106236,tt0067116,,13,7,2,3,12
The Fugitive,Mystery,1993,PG-13,8/6/1993,130,87,7.8,259480,tt0106977,,2,2,4,1,7
The Game,Mystery,1997,R,9/12/1997,129,61,7.8,333127,tt0119174,,6,4,8,45,30
The Getaway,Thriller,1972,PG,12/16/1972,123,55,7.4,27036,tt0068638,,3,0,2,0,1
The Ghost and the Darkness,Thriller,1996,R,10/11/1996,110,,6.8,55073,tt0116409,,0,1,4,1,1
The Girl with the Dragon Tattoo,Mystery,2011,R,12/21/2011,158,71,7.8,409137,tt1568346,102515793,0,0,0,4,0
The Godfather Part III,Mystery,1990,R,12/25/1990,162,60,7.6,347141,tt0099674,,2,2,0,2,5
The Good Girl,Comedy,2002,R,8/30/2002,93,71,6.4,42458,tt0279113,,3,0,3,4,4
The Graduate,Romance,1967,PG,12/21/1967,106,83,8,247819,tt0061722,,0,0,5,0,0
The Grapes of Wrath,Drama,1940,Passed,3/15/1940,129,96,8,84170,tt0032551,,0,0,0,0,0
The Great Gatsby,Romance,2013,PG-13,5/10/2013,143,55,7.2,462069,tt1343092,144812796,0,1,5,0,0
The Green Mile,Fantasy,1999,R,12/10/1999,189,61,8.6,1098132,tt0120689,,13,6,23,15,10
The Grifters,Crime,1990,R,1/25/1991,110,86,6.9,24653,tt0099703,,0,1,8,4,5
The Grudge,Mystery,2004,PG-13,10/22/2004,91,49,5.9,136551,tt0391198,110175871,0,0,1,0,0
The Hangover,Mystery,2009,R,6/5/2009,100,73,7.7,701634,tt1119646,277313371,11,2,9,3,8
The Haunting,Mystery,1999,PG-13,7/23/1999,113,42,5,69750,tt0171363,,0,2,3,3,3
The Hebrew Hammer,Comedy,2003,R,3/25/2004,85,41,6.1,4554,tt0317640,,10,3,6,10,11
The Help,Drama,2011,PG-13,8/10/2011,146,62,8.1,417090,tt1454029,169705587,1,0,9,0,7
The Hills Have Eyes,Horror,2006,R,3/10/2006,107,52,6.4,155070,tt0454841,41685824,1,3,1,7,3
The Hitchhiker's Guide to the Galaxy,Sci-Fi,2005,PG,4/29/2005,109,63,6.8,183411,tt0371724,51019112,2,0,2,0,1
The Horse Whisperer,Romance,1998,PG-13,5/15/1998,169,65,6.6,38203,tt0119314,,1,0,4,1,8
The Hospital,Comedy,1971,PG-13,5/11/1972,103,72,7.2,5068,tt0067217,,5,13,5,1,1
The Hudsucker Proxy,Romance,1994,PG,3/11/1994,111,53,7.2,75407,tt0110074,,1,0,3,0,0
The Hunt for Red October,Thriller,1990,PG,3/2/1990,135,58,7.6,173146,tt0099810,,3,0,6,3,1
The Hurt Locker,Thriller,2008,R,7/31/2009,131,95,7.6,411366,tt0887912,15700000,1,1,7,34,17
The Ice Storm,Drama,1997,R,11/26/1997,112,72,7.4,52562,tt0119349,,3,0,4,3,18
The Ides of March,Drama,2011,R,10/7/2011,101,67,7.1,211650,tt1124035,40962534,4,0,3,56,21
The Imaginarium of Doctor Parnassus,Mystery,2009,PG-13,1/8/2010,123,65,6.8,142268,tt1054606,7504196,0,3,2,1,1
The Incredibles,Sci-Fi,2004,PG,11/5/2004,115,90,8,638792,tt0317705,,0,0,0,0,0
The Informant,Thriller,1997,R,1/2/1998,105,,6.5,553,tt0119368,,0,0,8,12,8
The Insider,Thriller,1999,R,11/5/1999,157,84,7.8,156203,tt0140352,,4,0,4,34,11
The Invention of Lying,Comedy,2009,PG-13,10/2/2009,100,58,6.4,119508,tt1058017,18439082,7,3,3,21,8
The Iron Lady,Drama,2011,PG-13,1/13/2012,105,54,6.4,100501,tt1007029,29959436,0,0,2,0,0
The Island,Sci-Fi,2005,PG-13,7/22/2005,136,50,6.8,296205,tt0399201,35800000,4,0,1,20,4
The Italian Job,Adventure,2003,PG-13,5/30/2003,111,68,7,335751,tt0317740,105996316,4,2,4,7,16
The Jacket,Fantasy,2005,R,3/4/2005,103,44,7.1,106917,tt0366627,6282106,0,0,4,18,10
The Kids Are All Right,Comedy,2010,R,7/30/2010,106,86,7,123986,tt0842926,20803237,14,2,0,30,10
The King of Comedy,Crime,1982,PG,12/18/1982,109,73,7.8,82247,tt0085794,,1,0,3,0,2
The King's Speech,Drama,2010,R,12/25/2010,118,88,8,622890,tt1504320,138300000,0,0,6,10,7
The Kingdom,Thriller,2007,R,9/28/2007,110,56,7,115496,tt0431197,47456450,3,0,1,12,6
The LEGO Movie,Animation,2014,PG,2/7/2014,100,83,7.7,317777,tt1490017,244870202,2,0,0,0,0
The Ladykillers,Crime,2004,R,3/26/2004,104,56,6.2,97415,tt0335245,,21,7,17,73,19
The Last Boy Scout,Thriller,1991,R,12/13/1991,105,52,7,90346,tt0102266,,24,22,16,143,62
The Last Flight,Drama,1931,Passed,8/29/1931,76,,6.8,1199,tt0022054,,0,0,0,0,0
The Last Samurai,War,2003,R,12/5/2003,154,55,7.7,388736,tt0325710,111000000,2,1,4,2,3
The Last Station,Drama,2009,R,2/26/2010,112,76,7,17516,tt0824758,6500000,0,1,2,0,0
The Last of the Mohicans,War,1992,R,9/25/1992,112,76,7.7,144556,tt0104691,,0,0,2,0,0
The Life of David Gale,Thriller,2003,R,2/21/2003,130,31,7.6,106438,tt0289992,19593740,0,0,6,32,12
The Limey,Crime,1999,R,8/4/1999,89,73,7,29323,tt0165854,,6,1,0,33,12
The Lincoln Lawyer,Thriller,2011,R,3/18/2011,118,63,7.3,207931,tt1189340,57900000,4,6,2,13,23
The Little Mermaid,Musical,1989,G,11/17/1989,83,88,7.6,229325,tt0097757,,0,0,0,0,0
The Long Kiss Goodnight,Thriller,1996,R,10/11/1996,121,44,6.8,70875,tt0116908,,16,13,13,97,20
The Losers,Mystery,2010,PG-13,4/23/2010,97,44,6.3,88865,tt0480255,23400000,5,0,7,4,27
The Man Who Knew Too Much,Adventure,1956,PG,6/1/1956,120,78,7.5,56056,tt0049470,,0,0,1,0,0
The Man Who Wasn't There,Crime,2001,R,11/16/2001,116,73,7.5,101405,tt0243133,7408031,2,6,26,0,0
The Manchurian Candidate,Mystery,2004,R,7/30/2004,129,76,6.6,100778,tt0368008,65700000,5,0,3,8,14
The Martian,Sci-Fi,2015,PG-13,10/2/2015,144,80,8,734744,tt3659388,202313768,3,0,6,3,10
The Mask,Romance,1994,PG-13,7/29/1994,101,56,6.9,335452,tt0110475,,3,5,2,1,5
The Master,Drama,2012,R,9/21/2012,138,86,7.2,147827,tt1560747,15800000,3,0,1,5,4
The Matrix,Sci-Fi,1999,R,3/31/1999,136,73,8.7,1616945,tt0133093,,2,0,9,12,22
The Matrix Reloaded,Sci-Fi,2003,R,5/15/2003,138,62,7.2,502814,tt0234215,281500000,9,0,2,30,21
The Mechanic,Crime,2011,R,1/28/2011,93,49,6.6,147755,tt0472399,29113588,3,5,6,10,7
The Men Who Stare at Goats,War,2009,R,11/6/2009,94,54,6.2,125151,tt1234548,32400000,1,0,4,20,13
The Miracle Worker,Drama,1962,Not Rated,7/28/1962,106,83,8.1,15493,tt0056241,,0,0,0,0,0
The Mummy,Horror,1999,PG-13,5/7/1999,124,48,7,381578,tt0120616,,17,1,7,0,7
The Neverending Story,Family,1984,PG,7/20/1984,102,46,7.4,127724,tt0088323,,0,0,0,0,0
The Next Three Days,Romance,2010,PG-13,11/19/2010,133,52,7.4,177578,tt1458175,21100000,2,1,0,0,2
The Nightmare Before Christmas,Musical,1993,PG,10/29/1993,76,82,8,283423,tt0107688,8616662,0,0,0,0,0
The Nines,Mystery,2007,R,11/30/2007,100,52,6.3,32264,tt0810988,,7,0,1,12,12
The Ninth Gate,Mystery,1999,R,3/10/2000,133,44,6.7,162053,tt0142688,,0,0,0,0,0
The Other Boleyn Girl,Romance,2008,PG-13,2/29/2008,115,50,6.7,101287,tt0467200,26800000,0,0,1,0,0
The Pacifier,Family,2005,PG,3/4/2005,95,30,5.6,85615,tt0395699,113006880,5,0,0,0,0
The Passion of Joan of Arc,Drama,1928,Passed,10/25/2028,114,,8.1,45031,tt0019254,,0,0,1,0,0
The Patriot,War,2000,R,6/28/2000,165,63,7.2,249110,tt0187393,2317507,1,0,13,0,0
The Perks of Being a Wallflower,Romance,2012,PG-13,10/12/2012,103,67,8,447512,tt1659337,14900000,6,3,3,1,11
The Pianist,War,2002,R,3/28/2003,150,85,8.5,701983,tt0253474,32519322,0,1,2,5,3
The Piano,Romance,1993,R,2/11/1994,121,89,7.6,76014,tt0107822,,1,0,4,0,3
The Planet of the Apes,Sci-Fi,2011,PG-13,8/5/2011,105,68,7.6,488681,tt1318514,175300000,0,0,3,0,0
The Postman,Sci-Fi,1997,R,12/25/1997,177,29,6.1,67203,tt0119925,,6,1,19,2,7
The Power of One,Drama,1992,PG-13,3/27/1992,127,,7.2,8925,tt0105159,,3,0,8,4,2
The Prestige,Mystery,2006,PG-13,10/20/2006,130,66,8.5,1140365,tt0482571,53100000,0,0,2,0,1
The Princess Bride,Romance,1987,PG,10/9/1987,98,77,8.1,382292,tt0093779,,0,0,0,0,0
The Private Life of Sherlock Holmes,Mystery,1970,PG-13,10/29/1970,125,,7.1,10243,tt0066249,,0,0,3,0,0
The Program,Drama,2015,R,3/18/2016,99,53,6.5,15757,tt3083008,,18,2,16,31,40
The Prophecy,Mystery,1995,R,9/1/1995,98,44,6.5,28343,tt0114194,,2,8,11,13,9
The Proposal,Romance,2009,PG-13,6/19/2009,108,48,6.7,287428,tt1041829,163900057,12,3,7,3,13
The Queen,Drama,2006,PG-13,11/17/2006,103,91,7.3,101961,tt0436697,56222759,0,0,0,0,0
The Reader,Romance,2008,R,1/30/2009,124,58,7.6,226279,tt0976051,34111418,0,0,0,0,0
The Relic,Horror,1997,R,1/10/1997,110,55,5.8,23934,tt0120004,,3,1,10,0,12
The Replacements,Comedy,2000,PG-13,8/11/2000,118,30,6.6,56881,tt0191397,44004460,17,3,14,15,24
The Rescuers Down Under,Animation,1990,G,11/16/1990,77,70,6.9,36891,tt0100477,,0,0,0,0,0
The Revenant,Adventure,2015,R,1/8/2016,156,76,8,678615,tt1663202,,4,3,6,1,9
The Road,Adventure,2009,R,11/25/2009,111,64,7.2,218164,tt0898367,8025059,5,1,4,3,1
The Rock,Action,1996,R,6/7/1996,136,58,7.4,304994,tt0117500,,1,2,12,40,19
The Rocky Horror Picture Show,Musical,1975,R,8/31/1975,100,58,7.4,127790,tt0073629,,0,0,0,1,0
The Roommate,Horror,2011,PG-13,2/4/2011,91,23,4.8,35693,tt1265990,37300107,3,3,4,0,8
The Ruins,Horror,2008,R,4/4/2008,90,44,5.8,68559,tt0963794,17402425,0,1,0,24,5
The Saint,Romance,1997,PG-13,4/4/1997,116,50,6.2,61012,tt0120053,,0,0,0,0,0
The Salton Sea,Crime,2002,R,6/21/2002,103,41,7.1,29211,tt0235737,626750,17,4,5,40,19
The Searchers,Western,1956,Passed,5/26/1956,119,94,7.9,77779,tt0049730,,0,0,0,0,0
The Secret Life of Walter Mitty,Adventure,2013,PG,12/25/2013,114,54,7.3,286548,tt0359950,33223430,2,0,2,18,8
The Sessions,Romance,2012,R,11/16/2012,95,79,7.2,40658,tt1866249,5997134,2,1,2,3,5
The Seventh Seal,Fantasy,1957,Not Rated,10/13/1958,96,,8.2,157335,tt0050976,,0,1,7,0,0
The Shawshank Redemption,Drama,1994,R,10/14/1994,142,80,9.3,2251007,tt0111161,,31,4,33,39,55
The Shining,Horror,1980,R,6/13/1980,146,66,8.4,859906,tt0081505,,1,3,3,10,0
The Shipping News,Romance,2001,R,1/18/2002,111,47,6.7,31386,tt0120824,11405825,3,3,2,4,4
The Siege,Thriller,1998,R,11/6/1998,116,53,6.4,67030,tt0133952,,7,2,4,20,10
The Sixth Sense,Mystery,1999,PG-13,8/6/1999,107,64,8.1,888202,tt0167404,,0,0,0,0,0
The Social Network,Drama,2010,PG-13,10/1/2010,120,95,7.7,603038,tt1285016,96400000,8,5,2,17,17
The Sting,Crime,1973,PG,12/25/1973,129,83,8.3,234228,tt0070735,,2,1,10,3,2
The Stuntman,Romance,1994,N/A,N/A,,,3.9,7,tt1933544,,25,15,40,24,15
The Surfer King,Comedy,2006,PG-13,N/A,95,,3.9,334,tt0418206,,0,0,0,0,0
The Sweet Hereafter,Drama,1997,R,11/21/1997,112,91,7.5,31347,tt0120255,,0,1,3,5,1
The Taking of Pelham One Two Three,Crime,1974,R,11/14/1974,104,68,7.7,25392,tt0072251,,8,8,4,19,19
The Talented Mr. Ripley,Mystery,1999,R,12/25/1999,139,76,7.4,175612,tt0134119,,2,0,1,4,1
The Theory of Everything,Romance,2014,PG-13,11/26/2014,123,72,7.7,386687,tt2980516,35887263,0,0,1,0,0
The Thing,Horror,1982,R,6/25/1982,109,57,8.1,356329,tt0084787,,8,2,28,9,18
The Things My Father Never Taught Me,Short,2012,N/A,4/20/2012,7,,7.9,248,tt2234521,,0,1,1,0,0
The Three Musketeers,Romance,2011,PG-13,10/21/2011,110,35,5.7,101336,tt1509767,20356913,0,0,3,0,0
The Time Machine,Sci-Fi,2002,PG-13,3/8/2002,96,42,6,116770,tt0268695,56684819,0,0,1,0,0
The Tourist,Thriller,2010,PG-13,12/10/2010,103,37,6,218305,tt1243957,67631157,0,0,2,1,3
The Truman Show,Sci-Fi,1998,PG,6/5/1998,103,90,8.1,898405,tt0120382,,0,1,5,10,3
The Ugly Truth,Romance,2009,R,7/24/2009,96,28,6.4,199299,tt1142988,88915214,7,3,1,13,9
The Usual Suspects,Mystery,1995,R,8/16/1995,106,77,8.5,961807,tt0114814,,11,3,4,36,22
The Verdict,Drama,1982,R,12/17/1982,129,77,7.7,34575,tt0084855,,3,0,8,10,3
The Village,Mystery,2004,PG-13,7/30/2004,108,44,6.5,237350,tt0368447,114170863,0,0,0,0,0
The Visitor,Romance,2007,PG-13,5/23/2008,104,79,7.6,40939,tt0857191,9234510,0,0,1,1,2
The Way Back,Adventure,2010,PG-13,1/21/2011,133,66,7.3,107126,tt1023114,2500000,0,0,5,2,3
The Whistleblower,Thriller,2010,R,10/27/2011,112,59,7.1,31005,tt0896872,900000,2,1,1,20,7
The White Ribbon,Mystery,2009,R,3/5/2010,144,82,7.8,66785,tt1149362,2077054,0,0,2,0,0
The Wild Bunch,Western,1969,R,6/19/1969,135,97,7.9,75648,tt0065214,,4,4,27,0,0
The Wizard of Oz,Musical,1939,PG,8/25/1939,102,100,8,365052,tt0032138,3840702,0,0,0,0,0
The Wolf of Wall Street,Crime,2013,R,12/25/2013,180,75,8.2,1124599,tt0993846,91330760,13,5,5,180,36
The Woodsman,Drama,2004,R,1/21/2005,87,72,7.2,31478,tt0361127,1456291,7,1,5,26,15
The World is not Enough,Adventure,1999,PG-13,11/19/1999,128,57,6.4,184018,tt0143145,,1,0,1,0,0
The Wrestler,Drama,2008,R,1/30/2009,109,80,7.9,285278,tt1125849,26136413,19,2,4,41,23
The X-Files: Fight the Future,Sci-Fi,1998,N/A,10/13/1998,27,,7.4,358,tt0365474,,3,0,2,1,4
Transformers: The Movie,Animation,1986,PG,8/8/1986,84,,7.3,36621,tt0092106,,0,0,2,0,0
Wall-E,Animation,2008,G,6/27/2008,98,95,8.4,967549,tt0910970,223749872,0,0,0,0,0
White Christmas,Musical,1954,Not Rated,11/15/1954,120,,7.6,31174,tt0047673,,0,0,0,0,0
Withnail and I,Comedy,2006,N/A,N/A,15,,5.3,17,tt0870218,,0,1,1,38,1
